countryCode,InvoiceAmount,PaperlessBill,TotalInvoices,PaidLateCount,LateRatio,PaidLate
391,55.94,0,27,1,0.037037037037037035,0
406,61.74,1,27,5,0.18518518518518517,1
391,65.88,1,24,0,0.0,0
406,105.92,1,19,17,0.8947368421052632,1
818,72.27,0,27,9,0.3333333333333333,1
818,94.0,0,19,13,0.6842105263157895,0
897,74.69,1,31,26,0.8387096774193549,0
770,75.06,0,28,25,0.8928571428571429,0
770,80.07,0,26,19,0.7307692307692307,1
897,48.33,1,24,5,0.20833333333333334,0
770,75.33,0,25,0,0.0,0
406,73.35,1,30,2,0.06666666666666667,0
818,90.08,0,29,6,0.20689655172413793,1
406,57.17,0,23,19,0.8260869565217391,1
818,50.02,0,19,0,0.0,0
391,61.96,0,24,0,0.0,0
406,69.88,1,27,5,0.18518518518518517,0
818,68.8,0,19,13,0.6842105263157895,1
818,96.23,1,28,2,0.07142857142857142,0
818,42.01,1,22,20,0.9090909090909091,1
406,86.65,1,33,2,0.06060606060606061,0
770,71.49,1,23,20,0.8695652173913043,1
818,88.16,0,18,0,0.0,0
391,26.44,1,20,2,0.1,0
897,83.33,0,31,26,0.8387096774193549,1
391,72.7,0,31,11,0.3548387096774194,1
818,41.69,1,30,6,0.2,0
770,24.46,0,26,19,0.7307692307692307,1
406,70.93,1,15,14,0.9333333333333333,1
818,40.07,0,35,22,0.6285714285714286,1
897,58.19,1,34,0,0.0,0
406,72.13,1,33,2,0.06060606060606061,0
391,72.72,0,30,1,0.03333333333333333,0
391,93.48,0,31,18,0.5806451612903226,1
897,46.55,1,19,0,0.0,0
770,32.58,0,26,14,0.5384615384615384,1
897,34.63,1,19,0,0.0,0
818,89.15,0,19,13,0.6842105263157895,1
391,43.64,1,27,1,0.037037037037037035,0
770,44.36,1,23,20,0.8695652173913043,1
770,56.65,1,25,0,0.0,0
391,58.2,0,29,8,0.27586206896551724,0
391,83.05,1,26,0,0.0,0
391,60.03,0,22,7,0.3181818181818182,0
406,59.01,1,33,2,0.06060606060606061,0
406,66.85,1,23,15,0.6521739130434783,0
818,78.83,0,21,7,0.3333333333333333,1
770,65.0,1,27,12,0.4444444444444444,1
391,57.18,0,28,2,0.07142857142857142,0
391,74.65,0,30,25,0.8333333333333334,1
391,59.85,0,22,7,0.3181818181818182,0
406,40.54,0,17,15,0.8823529411764706,1
391,51.44,1,21,16,0.7619047619047619,1
770,28.43,1,25,13,0.52,0
406,78.73,1,26,13,0.5,1
897,56.26,0,21,0,0.0,0
391,77.26,0,23,15,0.6521739130434783,1
406,64.6,0,35,13,0.37142857142857144,0
406,54.44,0,30,2,0.06666666666666667,0
897,49.04,1,34,32,0.9411764705882353,1
406,70.45,1,33,11,0.3333333333333333,1
391,66.12,0,24,0,0.0,0
391,49.88,1,29,8,0.27586206896551724,1
391,38.64,0,24,6,0.25,1
770,65.7,0,21,5,0.23809523809523808,1
818,67.6,0,29,6,0.20689655172413793,0
391,35.69,1,29,8,0.27586206896551724,1
391,92.53,0,31,18,0.5806451612903226,1
897,61.59,0,34,0,0.0,0
406,94.47,1,35,13,0.37142857142857144,0
391,38.0,0,29,8,0.27586206896551724,1
391,50.24,1,31,11,0.3548387096774194,0
818,113.76,0,29,6,0.20689655172413793,1
406,50.96,0,21,0,0.0,0
770,73.25,1,22,17,0.7727272727272727,0
770,50.39,0,25,0,0.0,0
391,76.81,0,27,1,0.037037037037037035,0
897,63.28,0,21,0,0.0,0
406,87.9,1,30,2,0.06666666666666667,1
897,27.05,0,23,16,0.6956521739130435,1
897,53.45,1,31,26,0.8387096774193549,1
406,72.49,0,33,11,0.3333333333333333,0
406,69.65,1,21,0,0.0,0
406,61.25,0,23,9,0.391304347826087,1
770,70.85,1,23,20,0.8695652173913043,1
897,41.97,1,21,0,0.0,0
770,49.71,1,28,7,0.25,1
391,72.65,1,28,5,0.17857142857142858,0
406,73.73,1,30,2,0.06666666666666667,0
406,66.13,0,28,23,0.8214285714285714,1
406,80.71,1,30,2,0.06666666666666667,0
406,72.85,1,30,2,0.06666666666666667,0
818,88.5,1,28,2,0.07142857142857142,0
391,68.53,0,22,7,0.3181818181818182,1
818,60.6,1,22,20,0.9090909090909091,1
818,45.56,0,18,0,0.0,0
770,31.38,1,23,2,0.08695652173913043,0
391,56.37,0,20,0,0.0,0
818,58.78,1,18,0,0.0,0
406,62.68,1,21,0,0.0,0
770,76.69,1,21,5,0.23809523809523808,0
391,60.0,1,28,5,0.17857142857142858,0
770,37.82,1,28,7,0.25,0
897,29.93,0,26,3,0.11538461538461539,0
391,26.83,1,21,16,0.7619047619047619,1
897,32.95,1,30,1,0.03333333333333333,0
391,73.9,1,24,0,0.0,0
770,62.95,0,28,1,0.03571428571428571,0
818,71.98,1,28,2,0.07142857142857142,0
406,51.6,1,17,0,0.0,0
897,34.12,1,30,1,0.03333333333333333,0
391,57.34,0,20,0,0.0,0
406,39.51,0,30,2,0.06666666666666667,0
391,86.74,0,30,25,0.8333333333333334,1
406,77.46,1,21,3,0.14285714285714285,0
391,55.81,0,23,15,0.6521739130434783,0
406,66.28,1,17,0,0.0,0
391,55.21,0,27,1,0.037037037037037035,0
391,65.83,0,22,7,0.3181818181818182,1
770,80.31,0,28,25,0.8928571428571429,1
770,40.54,1,28,7,0.25,0
770,41.44,0,18,10,0.5555555555555556,1
770,36.29,0,26,14,0.5384615384615384,1
770,60.22,0,28,1,0.03571428571428571,1
391,59.71,1,28,1,0.03571428571428571,0
897,54.74,0,19,0,0.0,0
406,76.34,1,30,2,0.06666666666666667,0
897,37.81,1,23,16,0.6956521739130435,1
897,8.27,1,21,0,0.0,0
391,64.4,1,31,11,0.3548387096774194,1
770,32.86,0,26,14,0.5384615384615384,1
770,32.17,0,24,23,0.9583333333333334,1
897,28.77,0,31,23,0.7419354838709677,1
391,57.86,0,20,0,0.0,0
406,57.78,1,24,20,0.8333333333333334,0
406,90.22,0,31,9,0.2903225806451613,0
391,65.49,0,30,1,0.03333333333333333,0
391,57.88,0,23,15,0.6521739130434783,1
391,65.01,0,26,0,0.0,0
406,79.51,0,15,14,0.9333333333333333,1
406,85.5,1,33,11,0.3333333333333333,0
897,39.33,1,21,0,0.0,0
770,62.26,1,21,5,0.23809523809523808,0
406,116.78,1,26,13,0.5,0
770,73.77,1,28,25,0.8928571428571429,1
818,37.38,1,35,22,0.6285714285714286,1
818,60.8,0,21,8,0.38095238095238093,0
770,102.98,0,28,25,0.8928571428571429,1
406,70.02,0,35,13,0.37142857142857144,1
897,36.09,1,34,32,0.9411764705882353,1
897,14.94,0,31,23,0.7419354838709677,1
391,46.63,0,23,15,0.6521739130434783,0
391,10.92,0,25,11,0.44,1
818,42.76,0,35,22,0.6285714285714286,1
391,50.97,0,20,2,0.1,0
391,73.59,1,28,1,0.03571428571428571,0
770,46.61,1,22,17,0.7727272727272727,1
406,60.14,1,21,0,0.0,0
391,56.09,1,24,0,0.0,0
391,61.07,0,25,11,0.44,0
406,90.34,0,35,13,0.37142857142857144,1
818,77.79,1,28,2,0.07142857142857142,0
818,76.5,1,27,9,0.3333333333333333,1
406,44.09,1,21,17,0.8095238095238095,1
770,35.67,0,23,2,0.08695652173913043,0
897,23.62,1,24,5,0.20833333333333334,0
770,50.95,0,36,5,0.1388888888888889,0
770,64.18,0,36,5,0.1388888888888889,0
406,49.01,1,21,3,0.14285714285714285,0
391,94.57,1,31,18,0.5806451612903226,1
818,26.37,1,35,22,0.6285714285714286,0
391,63.36,0,22,7,0.3181818181818182,0
391,43.18,1,21,16,0.7619047619047619,0
391,92.57,1,30,1,0.03333333333333333,0
818,52.14,1,35,22,0.6285714285714286,0
391,68.35,1,28,2,0.07142857142857142,0
818,69.82,1,21,7,0.3333333333333333,0
406,75.65,0,24,20,0.8333333333333334,1
818,57.38,0,27,26,0.9629629629629629,1
391,57.37,1,21,16,0.7619047619047619,0
818,94.42,0,29,6,0.20689655172413793,0
818,82.74,0,20,20,1.0,1
770,67.74,1,23,2,0.08695652173913043,0
770,49.73,1,21,1,0.047619047619047616,0
818,85.06,0,23,19,0.8260869565217391,0
406,48.17,1,23,9,0.391304347826087,0
770,66.25,1,22,17,0.7727272727272727,1
406,124.38,1,26,13,0.5,0
818,76.09,0,23,19,0.8260869565217391,1
406,65.67,0,23,9,0.391304347826087,0
391,73.49,1,24,0,0.0,0
406,67.34,0,30,2,0.06666666666666667,0
406,56.39,1,23,15,0.6521739130434783,0
406,54.99,0,23,9,0.391304347826087,1
897,76.71,0,19,5,0.2631578947368421,1
770,41.94,0,26,14,0.5384615384615384,1
818,80.68,0,27,26,0.9629629629629629,1
818,71.71,0,18,0,0.0,0
897,42.36,1,23,16,0.6956521739130435,1
897,61.04,1,31,26,0.8387096774193549,1
391,53.91,1,28,1,0.03571428571428571,0
770,53.01,0,28,5,0.17857142857142858,0
770,59.71,0,26,14,0.5384615384615384,1
406,94.88,1,30,2,0.06666666666666667,0
770,43.12,1,25,13,0.52,1
897,40.58,1,34,32,0.9411764705882353,1
770,64.16,1,28,5,0.17857142857142858,1
391,74.7,0,29,8,0.27586206896551724,0
818,63.8,1,22,20,0.9090909090909091,1
406,86.27,0,24,20,0.8333333333333334,1
818,65.36,1,21,7,0.3333333333333333,1
406,65.9,0,31,9,0.2903225806451613,1
406,66.71,1,28,23,0.8214285714285714,1
770,18.9,1,28,1,0.03571428571428571,0
406,76.18,1,35,13,0.37142857142857144,0
406,33.82,1,21,4,0.19047619047619047,0
391,48.18,1,28,1,0.03571428571428571,0
406,102.61,0,24,20,0.8333333333333334,1
391,49.68,0,24,14,0.5833333333333334,1
391,77.6,0,28,5,0.17857142857142858,1
897,19.82,1,30,1,0.03333333333333333,0
391,76.18,1,30,25,0.8333333333333334,1
406,72.95,0,30,2,0.06666666666666667,1
391,93.39,1,31,18,0.5806451612903226,1
406,43.67,0,21,20,0.9523809523809523,1
391,65.6,0,28,5,0.17857142857142858,1
391,69.55,0,27,1,0.037037037037037035,0
406,73.92,0,30,2,0.06666666666666667,0
818,46.17,1,21,8,0.38095238095238093,0
391,82.2,0,28,2,0.07142857142857142,0
897,41.25,0,31,23,0.7419354838709677,1
770,23.92,0,36,5,0.1388888888888889,1
818,71.39,1,27,9,0.3333333333333333,1
391,37.97,0,23,15,0.6521739130434783,1
406,86.44,0,30,2,0.06666666666666667,0
406,92.77,1,17,0,0.0,0
770,53.05,1,26,19,0.7307692307692307,0
818,74.84,0,21,7,0.3333333333333333,1
406,97.06,0,23,9,0.391304347826087,0
897,6.43,0,19,2,0.10526315789473684,0
406,84.43,1,21,0,0.0,0
770,51.92,1,26,14,0.5384615384615384,0
770,68.35,0,26,14,0.5384615384615384,0
406,73.87,0,33,2,0.06060606060606061,0
770,73.28,1,23,2,0.08695652173913043,0
391,64.78,0,23,15,0.6521739130434783,1
818,84.43,0,29,6,0.20689655172413793,0
391,102.96,0,24,6,0.25,0
818,72.55,0,23,19,0.8260869565217391,1
406,59.8,1,27,5,0.18518518518518517,0
391,78.29,0,31,18,0.5806451612903226,1
770,49.84,1,28,1,0.03571428571428571,0
391,64.3,0,22,7,0.3181818181818182,0
406,59.67,0,21,17,0.8095238095238095,1
897,30.98,1,34,32,0.9411764705882353,1
818,49.03,1,30,6,0.2,0
406,85.36,1,17,0,0.0,0
406,99.34,0,35,13,0.37142857142857144,1
391,57.04,1,27,1,0.037037037037037035,0
406,58.13,0,35,13,0.37142857142857144,1
770,72.05,0,28,25,0.8928571428571429,1
406,72.1,1,21,17,0.8095238095238095,0
770,39.62,0,18,10,0.5555555555555556,1
897,45.79,0,34,32,0.9411764705882353,1
818,86.92,0,23,19,0.8260869565217391,1
391,58.73,0,28,2,0.07142857142857142,1
770,83.66,0,26,19,0.7307692307692307,1
897,33.86,0,31,23,0.7419354838709677,1
897,26.05,0,23,16,0.6956521739130435,1
391,65.57,0,30,1,0.03333333333333333,0
406,67.19,1,17,0,0.0,0
818,70.86,1,28,2,0.07142857142857142,0
391,37.22,1,28,5,0.17857142857142858,0
406,11.13,0,23,19,0.8260869565217391,1
391,79.09,0,23,15,0.6521739130434783,0
897,57.0,0,23,2,0.08695652173913043,0
770,52.67,1,24,23,0.9583333333333334,1
818,75.54,1,19,13,0.6842105263157895,1
406,71.78,0,21,20,0.9523809523809523,0
897,20.8,0,25,1,0.04,0
897,53.85,1,26,3,0.11538461538461539,0
391,91.89,0,22,7,0.3181818181818182,0
770,48.02,0,36,5,0.1388888888888889,1
770,20.23,1,27,12,0.4444444444444444,0
406,86.1,0,28,23,0.8214285714285714,1
770,60.64,1,23,2,0.08695652173913043,0
897,41.96,0,31,23,0.7419354838709677,1
391,64.81,1,28,1,0.03571428571428571,0
391,85.33,1,20,0,0.0,0
818,75.18,0,23,19,0.8260869565217391,1
406,84.81,1,27,5,0.18518518518518517,0
406,68.57,0,35,13,0.37142857142857144,1
897,46.73,1,31,23,0.7419354838709677,0
770,30.4,1,28,7,0.25,0
391,42.29,1,21,16,0.7619047619047619,0
818,74.11,1,22,20,0.9090909090909091,1
818,27.53,0,18,0,0.0,0
406,97.75,1,35,13,0.37142857142857144,0
897,71.35,0,21,0,0.0,0
818,55.99,0,21,8,0.38095238095238093,0
391,58.71,0,24,6,0.25,1
391,61.73,1,28,5,0.17857142857142858,0
897,51.35,0,31,26,0.8387096774193549,1
897,74.75,1,34,0,0.0,0
818,60.55,0,18,0,0.0,0
391,61.84,0,30,1,0.03333333333333333,0
818,96.74,0,29,6,0.20689655172413793,1
818,67.08,1,22,20,0.9090909090909091,1
770,82.4,0,28,1,0.03571428571428571,0
391,92.18,0,24,6,0.25,1
391,47.86,0,21,5,0.23809523809523808,1
818,58.32,1,30,6,0.2,1
770,25.73,0,36,5,0.1388888888888889,0
406,87.51,0,23,9,0.391304347826087,0
818,79.05,1,30,6,0.2,0
770,43.09,0,26,14,0.5384615384615384,0
770,47.48,0,27,12,0.4444444444444444,1
770,41.89,0,28,5,0.17857142857142858,0
897,49.96,0,23,2,0.08695652173913043,1
406,57.12,0,24,20,0.8333333333333334,1
406,72.88,1,33,2,0.06060606060606061,0
897,41.29,0,17,15,0.8823529411764706,1
406,54.5,1,19,17,0.8947368421052632,0
818,46.05,0,30,2,0.06666666666666667,0
770,45.31,0,36,5,0.1388888888888889,0
391,56.42,0,21,5,0.23809523809523808,0
818,58.4,1,30,6,0.2,0
406,92.35,1,19,17,0.8947368421052632,1
391,59.32,0,24,6,0.25,0
406,72.18,0,17,15,0.8823529411764706,1
406,48.64,0,28,23,0.8214285714285714,1
897,58.21,0,20,0,0.0,0
818,76.03,1,21,8,0.38095238095238093,0
770,60.93,0,25,0,0.0,0
818,58.41,0,18,0,0.0,0
818,90.0,0,23,19,0.8260869565217391,0
818,41.84,1,30,6,0.2,0
770,61.54,1,25,0,0.0,0
897,28.51,1,34,32,0.9411764705882353,1
897,52.38,1,17,15,0.8823529411764706,1
818,53.11,0,27,26,0.9629629629629629,1
391,80.31,0,30,25,0.8333333333333334,1
391,58.68,1,25,11,0.44,0
406,80.5,1,21,3,0.14285714285714285,0
818,75.11,0,21,7,0.3333333333333333,0
770,27.0,1,26,14,0.5384615384615384,0
770,76.8,0,21,5,0.23809523809523808,1
406,78.83,1,30,2,0.06666666666666667,0
391,53.13,0,23,15,0.6521739130434783,1
391,56.44,1,20,0,0.0,0
391,61.11,0,27,1,0.037037037037037035,0
391,81.25,0,26,0,0.0,0
406,70.1,0,28,23,0.8214285714285714,1
391,80.14,1,24,14,0.5833333333333334,0
897,72.17,0,20,0,0.0,0
406,72.19,1,30,2,0.06666666666666667,0
391,94.19,1,31,18,0.5806451612903226,0
897,28.07,1,23,16,0.6956521739130435,0
391,51.52,1,24,0,0.0,0
391,72.62,1,22,7,0.3181818181818182,0
770,22.47,0,36,5,0.1388888888888889,0
818,40.68,0,19,0,0.0,0
818,63.76,0,29,6,0.20689655172413793,0
770,61.86,1,24,23,0.9583333333333334,0
406,70.42,0,31,9,0.2903225806451613,0
391,53.99,1,28,1,0.03571428571428571,0
391,45.2,1,28,1,0.03571428571428571,0
770,48.08,0,28,5,0.17857142857142858,0
897,25.19,1,34,32,0.9411764705882353,1
391,69.11,0,28,2,0.07142857142857142,0
770,49.13,1,28,1,0.03571428571428571,0
818,66.88,0,27,26,0.9629629629629629,1
391,46.29,1,30,25,0.8333333333333334,1
406,45.6,0,23,19,0.8260869565217391,1
818,24.33,0,18,0,0.0,0
391,66.92,1,30,25,0.8333333333333334,1
391,78.25,0,22,7,0.3181818181818182,1
897,19.23,0,31,23,0.7419354838709677,0
406,67.72,0,23,19,0.8260869565217391,0
818,53.51,1,21,7,0.3333333333333333,0
818,56.57,0,21,8,0.38095238095238093,1
391,71.85,1,24,0,0.0,0
391,85.35,0,22,2,0.09090909090909091,0
406,49.97,1,28,23,0.8214285714285714,1
391,63.48,0,24,6,0.25,0
770,76.79,0,28,25,0.8928571428571429,1
897,28.22,0,19,5,0.2631578947368421,0
391,72.26,0,30,1,0.03333333333333333,0
406,75.55,1,35,13,0.37142857142857144,0
391,65.96,1,20,2,0.1,0
391,107.94,1,31,18,0.5806451612903226,0
818,83.15,0,27,26,0.9629629629629629,1
897,31.9,0,19,0,0.0,0
897,28.78,0,25,1,0.04,0
818,61.52,0,18,0,0.0,0
770,57.14,0,25,13,0.52,1
406,80.27,0,35,13,0.37142857142857144,0
818,93.99,0,19,13,0.6842105263157895,0
897,68.48,1,34,0,0.0,0
770,65.55,1,26,19,0.7307692307692307,1
770,51.13,1,36,5,0.1388888888888889,0
391,63.58,1,29,8,0.27586206896551724,0
818,59.28,0,29,6,0.20689655172413793,0
391,78.57,1,27,1,0.037037037037037035,0
391,49.75,1,28,5,0.17857142857142858,0
818,87.55,0,21,8,0.38095238095238093,0
897,22.01,1,30,1,0.03333333333333333,0
406,77.71,1,21,3,0.14285714285714285,0
391,41.99,0,20,2,0.1,0
897,54.23,1,23,16,0.6956521739130435,0
406,100.63,0,24,20,0.8333333333333334,1
770,44.04,1,25,13,0.52,0
770,27.63,0,24,23,0.9583333333333334,1
897,45.08,0,23,16,0.6956521739130435,1
391,76.21,0,30,1,0.03333333333333333,0
391,54.27,0,22,7,0.3181818181818182,1
770,82.98,0,23,2,0.08695652173913043,1
406,88.36,1,23,15,0.6521739130434783,1
391,83.49,1,31,18,0.5806451612903226,0
897,66.16,1,34,0,0.0,0
897,47.42,0,23,16,0.6956521739130435,1
391,62.28,1,28,5,0.17857142857142858,0
770,60.93,0,21,1,0.047619047619047616,0
391,63.67,0,22,2,0.09090909090909091,0
406,72.42,1,30,2,0.06666666666666667,0
391,82.41,1,24,0,0.0,0
897,62.32,0,20,0,0.0,0
391,73.09,1,29,8,0.27586206896551724,0
818,92.1,1,21,7,0.3333333333333333,0
391,85.33,0,24,0,0.0,0
406,86.44,1,26,13,0.5,1
406,40.38,1,22,0,0.0,0
391,67.38,0,21,5,0.23809523809523808,0
391,48.75,0,23,15,0.6521739130434783,0
391,71.68,0,22,7,0.3181818181818182,0
406,49.46,1,21,4,0.19047619047619047,0
897,36.97,1,31,26,0.8387096774193549,0
391,51.45,0,25,11,0.44,1
406,61.6,1,33,11,0.3333333333333333,0
770,61.0,0,26,14,0.5384615384615384,1
406,75.19,1,19,17,0.8947368421052632,1
897,71.72,0,31,26,0.8387096774193549,1
770,88.99,1,21,5,0.23809523809523808,1
406,81.1,0,21,20,0.9523809523809523,1
391,79.52,1,30,25,0.8333333333333334,0
391,84.57,0,16,0,0.0,0
406,72.09,1,35,13,0.37142857142857144,0
897,75.39,1,31,23,0.7419354838709677,1
770,41.7,1,23,20,0.8695652173913043,1
897,8.36,0,19,2,0.10526315789473684,0
391,76.85,1,30,1,0.03333333333333333,0
818,51.66,1,35,22,0.6285714285714286,1
897,65.5,0,23,2,0.08695652173913043,0
406,62.43,0,35,13,0.37142857142857144,0
897,46.33,0,31,23,0.7419354838709677,1
391,42.61,1,31,11,0.3548387096774194,0
406,78.44,1,21,0,0.0,0
897,72.93,1,34,0,0.0,0
770,48.65,0,25,0,0.0,0
818,56.28,1,18,0,0.0,0
818,59.56,0,35,22,0.6285714285714286,1
406,44.76,0,30,2,0.06666666666666667,1
770,44.56,1,27,12,0.4444444444444444,1
406,56.25,1,21,4,0.19047619047619047,1
406,86.04,1,35,13,0.37142857142857144,0
406,68.35,0,30,2,0.06666666666666667,0
897,8.03,0,19,2,0.10526315789473684,0
897,57.09,0,17,15,0.8823529411764706,1
770,61.86,1,24,23,0.9583333333333334,1
391,81.47,1,28,2,0.07142857142857142,0
770,56.21,0,25,0,0.0,0
391,57.12,1,29,8,0.27586206896551724,0
391,64.99,0,28,5,0.17857142857142858,0
897,43.07,1,34,32,0.9411764705882353,1
391,72.69,0,22,7,0.3181818181818182,0
770,46.06,1,36,5,0.1388888888888889,0
406,65.45,0,21,17,0.8095238095238095,1
391,61.58,1,31,11,0.3548387096774194,0
897,23.5,0,30,1,0.03333333333333333,0
391,61.71,0,22,2,0.09090909090909091,1
391,61.2,0,22,7,0.3181818181818182,0
406,61.13,0,21,20,0.9523809523809523,1
770,45.0,0,24,23,0.9583333333333334,1
770,43.06,1,24,23,0.9583333333333334,1
897,7.55,0,30,1,0.03333333333333333,0
897,62.35,1,31,26,0.8387096774193549,1
406,78.22,0,31,9,0.2903225806451613,1
406,67.76,1,33,11,0.3333333333333333,0
818,44.91,1,20,20,1.0,1
406,56.51,0,22,0,0.0,0
406,68.17,1,33,2,0.06060606060606061,0
818,87.89,0,21,8,0.38095238095238093,0
406,59.99,0,23,9,0.391304347826087,0
406,75.54,1,30,2,0.06666666666666667,0
897,8.63,1,20,0,0.0,0
770,60.87,1,23,20,0.8695652173913043,1
897,51.05,0,26,3,0.11538461538461539,0
406,89.46,0,24,20,0.8333333333333334,1
770,61.86,0,28,25,0.8928571428571429,1
391,51.56,1,28,1,0.03571428571428571,0
897,29.51,0,31,23,0.7419354838709677,1
406,63.82,1,33,2,0.06060606060606061,0
818,45.35,1,30,6,0.2,0
770,67.27,0,36,5,0.1388888888888889,0
406,76.72,1,30,2,0.06666666666666667,0
406,74.43,0,23,9,0.391304347826087,1
818,67.5,1,28,2,0.07142857142857142,0
818,57.63,0,35,22,0.6285714285714286,1
391,80.32,1,24,6,0.25,1
770,22.06,1,25,13,0.52,1
818,38.37,0,35,22,0.6285714285714286,1
406,78.74,1,21,3,0.14285714285714285,0
897,31.96,0,26,3,0.11538461538461539,1
391,69.97,0,24,0,0.0,0
406,74.95,1,26,13,0.5,1
391,62.12,1,31,11,0.3548387096774194,1
391,62.58,1,28,2,0.07142857142857142,0
897,47.82,0,26,3,0.11538461538461539,0
897,57.07,0,26,3,0.11538461538461539,0
818,56.17,0,18,0,0.0,0
818,83.02,1,21,7,0.3333333333333333,0
818,73.1,0,20,20,1.0,1
406,92.36,1,21,0,0.0,0
406,22.09,0,23,19,0.8260869565217391,1
406,114.54,1,19,17,0.8947368421052632,1
391,79.79,1,31,18,0.5806451612903226,1
818,73.71,0,21,8,0.38095238095238093,0
406,55.55,0,23,19,0.8260869565217391,1
818,67.34,1,30,6,0.2,1
406,68.89,0,22,0,0.0,0
391,60.46,1,22,7,0.3181818181818182,0
770,61.06,1,27,12,0.4444444444444444,0
818,66.32,1,20,20,1.0,1
391,49.51,1,20,0,0.0,0
897,20.55,0,17,15,0.8823529411764706,0
770,43.26,1,36,5,0.1388888888888889,0
897,24.39,1,19,5,0.2631578947368421,1
391,64.35,1,28,1,0.03571428571428571,0
406,98.88,1,30,2,0.06666666666666667,0
818,40.38,0,35,22,0.6285714285714286,1
406,56.54,1,22,0,0.0,0
770,43.41,0,26,14,0.5384615384615384,1
391,92.76,0,30,25,0.8333333333333334,1
391,67.69,1,24,14,0.5833333333333334,0
818,47.07,0,27,9,0.3333333333333333,0
897,76.74,1,34,0,0.0,0
770,45.61,0,36,5,0.1388888888888889,0
391,71.46,0,24,0,0.0,0
406,50.22,1,17,15,0.8823529411764706,0
770,32.97,0,28,25,0.8928571428571429,1
770,51.32,1,24,23,0.9583333333333334,1
897,74.89,1,31,26,0.8387096774193549,0
391,45.71,1,28,5,0.17857142857142858,0
897,56.21,1,31,26,0.8387096774193549,1
770,35.7,1,18,10,0.5555555555555556,0
770,52.07,1,22,17,0.7727272727272727,1
770,21.4,1,28,1,0.03571428571428571,0
406,62.78,1,33,11,0.3333333333333333,1
391,47.21,1,28,1,0.03571428571428571,1
770,72.83,0,23,2,0.08695652173913043,0
406,87.43,1,26,13,0.5,1
770,40.9,1,24,23,0.9583333333333334,1
818,70.59,0,27,26,0.9629629629629629,1
406,70.07,0,23,9,0.391304347826087,1
897,52.76,1,25,1,0.04,0
897,27.29,1,19,0,0.0,0
406,66.12,0,28,23,0.8214285714285714,1
818,51.65,0,30,2,0.06666666666666667,0
818,27.37,1,30,6,0.2,0
897,51.91,1,23,16,0.6956521739130435,1
770,49.24,1,25,13,0.52,1
818,48.47,1,28,2,0.07142857142857142,1
406,67.96,1,21,4,0.19047619047619047,0
818,59.86,0,29,6,0.20689655172413793,0
406,77.43,1,23,9,0.391304347826087,0
391,54.56,1,31,18,0.5806451612903226,0
818,61.2,0,23,19,0.8260869565217391,0
406,65.57,1,30,2,0.06666666666666667,0
770,35.87,1,26,14,0.5384615384615384,1
897,9.19,1,34,32,0.9411764705882353,1
391,60.62,1,21,5,0.23809523809523808,0
818,69.22,0,29,6,0.20689655172413793,0
897,48.18,0,21,0,0.0,0
770,52.46,0,36,5,0.1388888888888889,1
406,92.71,1,26,13,0.5,0
406,80.3,1,28,23,0.8214285714285714,1
818,42.0,0,35,22,0.6285714285714286,0
770,41.56,0,26,14,0.5384615384615384,1
406,67.4,0,22,0,0.0,0
406,86.72,0,24,20,0.8333333333333334,1
897,39.18,0,23,2,0.08695652173913043,0
818,83.74,0,30,2,0.06666666666666667,0
818,63.45,0,20,20,1.0,1
406,52.7,1,23,9,0.391304347826087,0
770,82.42,1,28,7,0.25,1
897,59.17,1,25,1,0.04,0
897,45.11,1,24,5,0.20833333333333334,0
818,64.19,1,35,22,0.6285714285714286,0
406,76.33,1,30,2,0.06666666666666667,0
818,49.51,1,35,22,0.6285714285714286,1
391,64.66,0,22,7,0.3181818181818182,0
897,34.22,0,19,2,0.10526315789473684,1
406,73.57,1,33,11,0.3333333333333333,0
897,25.05,0,34,0,0.0,0
897,25.7,1,21,0,0.0,0
406,74.62,0,31,9,0.2903225806451613,0
770,74.09,0,26,19,0.7307692307692307,1
770,48.7,1,26,14,0.5384615384615384,1
770,80.76,0,28,25,0.8928571428571429,1
770,42.59,1,28,1,0.03571428571428571,0
818,69.78,0,21,7,0.3333333333333333,0
770,64.12,1,21,5,0.23809523809523808,0
406,53.18,1,27,5,0.18518518518518517,0
818,59.53,1,30,6,0.2,0
770,75.16,0,28,25,0.8928571428571429,1
897,45.31,0,19,0,0.0,0
770,63.0,1,26,14,0.5384615384615384,0
391,94.71,1,20,0,0.0,0
406,77.41,1,21,0,0.0,0
406,82.56,1,30,2,0.06666666666666667,0
818,72.36,0,29,6,0.20689655172413793,1
406,73.82,1,17,0,0.0,0
897,79.06,0,20,0,0.0,0
897,39.88,0,19,5,0.2631578947368421,0
391,36.1,1,28,2,0.07142857142857142,0
818,81.26,0,29,6,0.20689655172413793,0
770,44.33,0,25,13,0.52,1
406,90.62,1,15,14,0.9333333333333333,1
897,34.57,0,25,1,0.04,0
391,92.25,0,31,18,0.5806451612903226,1
391,55.82,1,31,11,0.3548387096774194,0
818,55.54,1,22,20,0.9090909090909091,1
391,83.21,0,30,1,0.03333333333333333,0
770,63.17,0,28,7,0.25,0
406,78.05,1,21,17,0.8095238095238095,1
391,76.12,0,23,15,0.6521739130434783,1
391,68.58,1,20,2,0.1,0
770,77.61,1,25,0,0.0,0
897,54.43,1,31,26,0.8387096774193549,1
391,46.32,1,20,0,0.0,0
818,36.96,0,35,22,0.6285714285714286,0
406,52.88,1,21,4,0.19047619047619047,0
770,56.53,1,22,17,0.7727272727272727,1
818,46.86,0,27,26,0.9629629629629629,1
818,99.82,0,23,19,0.8260869565217391,1
770,14.53,1,25,13,0.52,0
391,88.56,1,24,6,0.25,0
818,67.35,0,27,26,0.9629629629629629,1
391,54.18,1,24,0,0.0,0
770,49.68,1,22,17,0.7727272727272727,1
406,51.86,0,31,9,0.2903225806451613,0
391,84.54,0,20,0,0.0,0
406,93.7,1,33,2,0.06060606060606061,0
770,56.24,1,23,2,0.08695652173913043,0
897,30.08,0,25,1,0.04,0
897,55.16,1,34,32,0.9411764705882353,1
406,38.81,1,21,17,0.8095238095238095,1
770,43.07,1,28,1,0.03571428571428571,0
391,96.31,0,21,5,0.23809523809523808,0
818,83.13,1,28,2,0.07142857142857142,0
818,57.35,1,27,9,0.3333333333333333,0
391,77.98,1,21,5,0.23809523809523808,0
406,77.08,1,30,2,0.06666666666666667,0
406,60.14,1,28,23,0.8214285714285714,1
406,88.19,1,33,11,0.3333333333333333,0
391,55.93,1,26,0,0.0,0
897,52.05,0,20,0,0.0,0
897,23.05,1,34,32,0.9411764705882353,1
818,50.79,0,21,8,0.38095238095238093,1
406,64.32,1,17,15,0.8823529411764706,1
391,61.66,1,27,1,0.037037037037037035,0
391,56.03,0,24,14,0.5833333333333334,0
770,62.63,0,28,25,0.8928571428571429,1
897,26.8,0,23,2,0.08695652173913043,0
770,55.33,1,28,1,0.03571428571428571,0
897,45.13,0,20,0,0.0,0
818,49.9,1,19,0,0.0,0
406,87.78,0,21,17,0.8095238095238095,1
391,89.14,0,22,7,0.3181818181818182,0
406,79.74,0,31,9,0.2903225806451613,0
391,62.85,0,25,11,0.44,1
406,50.37,1,33,11,0.3333333333333333,0
391,54.07,1,28,5,0.17857142857142858,0
391,61.48,0,31,18,0.5806451612903226,0
391,61.45,1,24,0,0.0,0
391,74.25,0,28,1,0.03571428571428571,0
770,33.36,1,28,1,0.03571428571428571,0
818,68.21,0,27,26,0.9629629629629629,1
406,49.59,0,23,19,0.8260869565217391,1
770,45.75,1,22,17,0.7727272727272727,1
406,95.94,0,19,17,0.8947368421052632,1
391,90.41,1,20,0,0.0,0
391,76.49,1,30,25,0.8333333333333334,0
406,67.41,1,27,5,0.18518518518518517,0
391,56.29,1,25,11,0.44,0
818,66.06,0,21,8,0.38095238095238093,1
770,52.53,0,21,5,0.23809523809523808,0
897,12.7,0,25,1,0.04,0
391,74.22,0,22,2,0.09090909090909091,0
897,41.76,0,25,1,0.04,1
391,66.75,0,24,14,0.5833333333333334,1
391,92.16,1,31,18,0.5806451612903226,1
406,67.71,0,17,0,0.0,0
818,91.26,1,19,13,0.6842105263157895,0
818,98.73,1,27,9,0.3333333333333333,0
391,76.07,1,31,18,0.5806451612903226,0
897,36.62,1,21,0,0.0,0
770,59.78,1,23,2,0.08695652173913043,0
818,57.21,0,19,0,0.0,0
406,60.35,1,33,11,0.3333333333333333,1
770,72.5,1,23,20,0.8695652173913043,1
897,32.28,0,20,0,0.0,0
818,39.35,0,18,0,0.0,0
391,53.09,1,28,2,0.07142857142857142,0
406,61.41,0,31,9,0.2903225806451613,0
897,36.6,1,34,32,0.9411764705882353,1
391,56.5,1,20,0,0.0,0
818,70.5,0,30,2,0.06666666666666667,0
818,99.85,0,23,19,0.8260869565217391,1
897,7.47,1,30,1,0.03333333333333333,0
897,82.63,0,23,2,0.08695652173913043,0
391,50.34,1,28,2,0.07142857142857142,0
770,35.74,1,26,14,0.5384615384615384,0
897,34.89,1,25,1,0.04,0
406,103.67,1,27,5,0.18518518518518517,0
770,57.96,1,28,7,0.25,1
391,28.21,0,27,1,0.037037037037037035,0
391,56.03,0,20,0,0.0,0
818,92.03,1,21,7,0.3333333333333333,0
391,75.55,0,24,14,0.5833333333333334,0
406,45.51,0,23,9,0.391304347826087,0
770,103.54,1,21,1,0.047619047619047616,0
897,68.41,0,26,3,0.11538461538461539,0
818,86.41,0,19,13,0.6842105263157895,1
818,79.37,0,20,20,1.0,1
818,37.17,1,35,22,0.6285714285714286,1
391,56.56,0,26,0,0.0,0
770,83.95,1,22,17,0.7727272727272727,1
391,47.08,1,27,1,0.037037037037037035,0
406,51.34,1,21,4,0.19047619047619047,0
391,83.68,0,20,0,0.0,0
391,53.79,0,29,8,0.27586206896551724,1
818,64.54,0,30,2,0.06666666666666667,0
406,94.62,0,35,13,0.37142857142857144,0
770,34.7,1,24,23,0.9583333333333334,1
406,53.38,1,33,11,0.3333333333333333,1
770,56.82,1,23,20,0.8695652173913043,1
406,58.69,0,23,19,0.8260869565217391,1
391,89.68,0,22,7,0.3181818181818182,1
818,91.59,1,21,7,0.3333333333333333,0
818,86.83,1,27,9,0.3333333333333333,0
818,56.01,0,27,26,0.9629629629629629,0
391,69.99,0,22,7,0.3181818181818182,0
406,90.54,1,23,9,0.391304347826087,0
897,13.06,0,30,1,0.03333333333333333,0
818,36.21,1,28,2,0.07142857142857142,0
391,36.23,0,24,14,0.5833333333333334,0
897,51.6,1,30,1,0.03333333333333333,0
897,46.49,0,26,3,0.11538461538461539,0
770,70.66,1,21,1,0.047619047619047616,0
897,48.87,0,26,3,0.11538461538461539,0
897,25.41,0,30,1,0.03333333333333333,0
391,75.21,0,21,5,0.23809523809523808,0
770,65.81,0,36,5,0.1388888888888889,0
818,78.0,0,27,9,0.3333333333333333,0
818,56.48,1,30,6,0.2,0
406,78.91,0,30,2,0.06666666666666667,0
391,82.2,1,31,11,0.3548387096774194,0
897,65.43,0,26,3,0.11538461538461539,0
406,37.02,1,33,11,0.3333333333333333,0
770,41.72,1,28,1,0.03571428571428571,0
391,53.74,0,22,7,0.3181818181818182,0
770,32.59,0,28,1,0.03571428571428571,0
818,71.86,1,22,20,0.9090909090909091,1
770,79.28,0,26,19,0.7307692307692307,1
391,90.91,1,20,0,0.0,0
406,79.02,0,23,9,0.391304347826087,0
406,88.58,1,30,2,0.06666666666666667,0
818,72.88,1,28,2,0.07142857142857142,0
770,62.24,0,21,5,0.23809523809523808,0
391,61.93,1,21,16,0.7619047619047619,1
897,23.04,1,24,5,0.20833333333333334,0
818,65.51,0,18,0,0.0,0
406,61.57,1,17,0,0.0,0
818,96.64,1,28,2,0.07142857142857142,0
897,19.01,0,31,23,0.7419354838709677,1
818,32.86,0,27,26,0.9629629629629629,1
818,60.52,0,27,9,0.3333333333333333,0
770,89.44,1,23,2,0.08695652173913043,0
391,46.32,0,24,0,0.0,0
391,52.5,1,26,0,0.0,0
818,62.67,1,21,7,0.3333333333333333,1
818,100.08,0,30,2,0.06666666666666667,0
770,84.71,0,28,25,0.8928571428571429,1
406,29.25,0,23,19,0.8260869565217391,1
391,94.19,1,30,25,0.8333333333333334,1
391,77.84,0,22,7,0.3181818181818182,0
406,63.56,1,21,0,0.0,0
391,35.23,1,24,6,0.25,0
770,45.59,0,28,25,0.8928571428571429,1
770,76.44,1,25,0,0.0,0
770,68.06,1,23,20,0.8695652173913043,0
770,63.08,1,23,20,0.8695652173913043,1
770,42.57,1,36,5,0.1388888888888889,0
770,14.63,1,28,7,0.25,0
770,32.77,1,22,17,0.7727272727272727,1
406,57.55,0,27,5,0.18518518518518517,1
897,49.68,1,31,23,0.7419354838709677,1
391,89.31,0,26,0,0.0,0
406,47.54,0,24,20,0.8333333333333334,1
391,82.6,1,31,18,0.5806451612903226,1
406,84.75,0,21,20,0.9523809523809523,1
897,7.11,0,19,2,0.10526315789473684,0
391,77.73,1,28,1,0.03571428571428571,0
897,21.24,0,25,1,0.04,0
406,72.6,1,26,13,0.5,0
770,28.84,0,28,1,0.03571428571428571,0
770,61.79,1,21,1,0.047619047619047616,0
406,77.76,1,33,2,0.06060606060606061,0
391,79.65,0,22,2,0.09090909090909091,0
391,53.36,0,23,15,0.6521739130434783,0
770,68.97,1,27,12,0.4444444444444444,0
391,36.09,1,25,11,0.44,0
391,102.41,1,20,0,0.0,0
818,81.7,1,28,2,0.07142857142857142,0
406,104.52,0,21,20,0.9523809523809523,1
818,49.7,0,27,26,0.9629629629629629,1
391,62.73,1,25,11,0.44,0
391,65.37,1,30,1,0.03333333333333333,0
406,56.93,0,31,9,0.2903225806451613,0
406,52.54,1,19,17,0.8947368421052632,1
770,44.75,0,28,1,0.03571428571428571,0
406,63.48,1,35,13,0.37142857142857144,0
818,61.03,1,27,9,0.3333333333333333,0
897,26.16,0,30,1,0.03333333333333333,0
818,49.31,0,27,26,0.9629629629629629,1
897,13.88,1,30,1,0.03333333333333333,0
897,57.78,0,31,26,0.8387096774193549,1
818,58.17,0,20,20,1.0,1
391,56.54,0,31,18,0.5806451612903226,0
818,65.6,1,29,6,0.20689655172413793,0
770,68.98,1,21,1,0.047619047619047616,0
391,50.7,0,27,1,0.037037037037037035,0
406,87.82,0,17,0,0.0,0
391,62.24,0,22,2,0.09090909090909091,0
391,58.03,1,31,11,0.3548387096774194,0
406,79.26,1,17,0,0.0,0
897,23.63,1,25,1,0.04,0
770,50.47,0,28,25,0.8928571428571429,1
391,75.82,1,24,0,0.0,0
770,52.26,0,26,14,0.5384615384615384,1
391,66.01,1,20,0,0.0,0
818,84.39,1,28,2,0.07142857142857142,0
406,81.27,1,21,0,0.0,0
391,88.47,0,30,1,0.03333333333333333,0
818,38.6,0,18,0,0.0,0
818,87.48,0,21,8,0.38095238095238093,1
406,40.03,1,26,13,0.5,0
770,58.83,1,22,17,0.7727272727272727,1
406,63.12,0,33,11,0.3333333333333333,0
770,63.02,1,36,5,0.1388888888888889,0
391,43.67,1,24,6,0.25,0
391,66.82,1,29,8,0.27586206896551724,0
897,38.06,0,31,23,0.7419354838709677,0
897,47.44,1,24,5,0.20833333333333334,0
406,88.74,1,30,2,0.06666666666666667,0
391,64.95,0,24,0,0.0,0
818,65.28,1,27,9,0.3333333333333333,0
897,24.77,0,19,2,0.10526315789473684,0
391,74.59,1,31,11,0.3548387096774194,0
406,107.04,1,19,17,0.8947368421052632,1
391,55.36,0,30,1,0.03333333333333333,0
770,56.36,1,23,20,0.8695652173913043,1
897,50.58,0,25,1,0.04,0
770,57.2,1,18,10,0.5555555555555556,1
391,63.39,1,31,11,0.3548387096774194,0
391,40.49,0,25,11,0.44,0
770,77.53,0,23,2,0.08695652173913043,1
770,44.48,1,27,12,0.4444444444444444,0
391,51.86,0,24,14,0.5833333333333334,1
406,59.64,0,28,23,0.8214285714285714,1
770,50.17,1,28,5,0.17857142857142858,0
391,60.64,0,22,7,0.3181818181818182,1
406,67.26,1,24,20,0.8333333333333334,0
391,48.93,0,22,7,0.3181818181818182,0
406,71.65,1,33,11,0.3333333333333333,0
770,54.16,1,22,17,0.7727272727272727,0
770,64.44,0,28,5,0.17857142857142858,0
897,65.19,0,26,3,0.11538461538461539,0
391,39.67,0,24,14,0.5833333333333334,1
897,30.47,0,19,2,0.10526315789473684,0
770,29.64,0,28,1,0.03571428571428571,0
897,10.23,0,19,2,0.10526315789473684,0
391,67.83,0,25,11,0.44,1
406,92.94,0,24,20,0.8333333333333334,1
897,29.34,0,31,26,0.8387096774193549,1
391,44.71,1,28,2,0.07142857142857142,0
406,63.1,1,21,3,0.14285714285714285,0
897,48.03,0,21,0,0.0,0
897,33.37,1,34,32,0.9411764705882353,1
406,74.05,1,33,11,0.3333333333333333,0
897,14.09,1,30,1,0.03333333333333333,0
818,55.6,1,19,0,0.0,0
770,37.88,1,36,5,0.1388888888888889,0
818,47.82,1,20,20,1.0,1
391,62.88,1,27,1,0.037037037037037035,0
406,49.21,1,22,0,0.0,0
818,88.84,0,23,19,0.8260869565217391,1
391,70.82,0,25,11,0.44,0
406,84.42,0,35,13,0.37142857142857144,0
897,10.76,0,19,2,0.10526315789473684,0
897,8.22,1,24,5,0.20833333333333334,0
406,62.27,0,21,20,0.9523809523809523,1
391,34.86,0,24,6,0.25,0
406,71.79,0,31,9,0.2903225806451613,1
818,49.71,1,22,20,0.9090909090909091,1
391,70.91,1,24,0,0.0,0
391,81.62,1,24,0,0.0,0
391,58.57,0,20,0,0.0,0
770,55.73,0,23,2,0.08695652173913043,1
406,32.88,0,22,0,0.0,0
770,36.55,1,21,5,0.23809523809523808,0
770,66.38,1,22,17,0.7727272727272727,1
818,10.73,0,35,22,0.6285714285714286,0
391,58.05,0,30,1,0.03333333333333333,0
406,62.66,0,23,15,0.6521739130434783,1
391,66.46,0,22,2,0.09090909090909091,0
897,29.7,0,34,0,0.0,0
897,48.25,0,19,0,0.0,0
770,37.13,1,21,1,0.047619047619047616,0
897,9.52,1,34,32,0.9411764705882353,1
406,59.83,1,28,23,0.8214285714285714,1
770,58.71,0,26,14,0.5384615384615384,0
406,29.85,0,22,0,0.0,0
391,48.65,0,27,1,0.037037037037037035,1
770,35.48,1,24,23,0.9583333333333334,1
770,42.28,0,36,5,0.1388888888888889,1
406,83.7,0,21,3,0.14285714285714285,0
406,58.43,1,21,17,0.8095238095238095,1
406,85.06,1,33,2,0.06060606060606061,0
406,70.89,0,17,15,0.8823529411764706,1
897,45.18,1,31,23,0.7419354838709677,1
770,21.94,1,25,13,0.52,1
406,55.78,0,23,15,0.6521739130434783,1
391,69.03,1,20,0,0.0,0
406,90.34,1,27,5,0.18518518518518517,1
406,69.8,0,15,14,0.9333333333333333,1
406,51.96,1,27,5,0.18518518518518517,0
391,84.26,0,26,0,0.0,0
897,22.9,1,34,32,0.9411764705882353,1
818,58.35,0,19,13,0.6842105263157895,1
391,65.25,1,24,0,0.0,0
391,39.66,0,24,6,0.25,0
897,35.3,0,34,32,0.9411764705882353,1
897,63.43,0,26,3,0.11538461538461539,0
770,45.8,1,22,17,0.7727272727272727,1
406,89.06,1,21,3,0.14285714285714285,0
818,70.07,0,21,8,0.38095238095238093,1
770,29.37,1,18,10,0.5555555555555556,0
897,46.4,1,34,32,0.9411764705882353,1
406,72.87,0,21,20,0.9523809523809523,1
406,103.11,1,21,17,0.8095238095238095,1
406,65.71,1,21,4,0.19047619047619047,0
770,52.94,1,25,13,0.52,1
897,50.86,1,19,5,0.2631578947368421,0
897,30.74,0,25,1,0.04,0
391,36.33,1,20,2,0.1,0
391,75.06,1,28,5,0.17857142857142858,0
770,37.9,0,28,5,0.17857142857142858,0
406,107.04,1,26,13,0.5,1
391,74.5,1,31,18,0.5806451612903226,1
770,35.02,0,18,10,0.5555555555555556,1
406,100.16,1,35,13,0.37142857142857144,1
406,68.66,0,23,19,0.8260869565217391,1
770,46.28,0,26,14,0.5384615384615384,0
406,61.19,0,21,4,0.19047619047619047,1
818,43.28,1,30,6,0.2,1
391,27.0,1,21,16,0.7619047619047619,1
391,86.59,0,23,15,0.6521739130434783,1
391,63.26,0,28,1,0.03571428571428571,0
391,69.85,0,30,1,0.03333333333333333,1
770,11.36,1,23,2,0.08695652173913043,0
818,58.85,1,30,6,0.2,0
770,39.24,1,23,2,0.08695652173913043,0
770,25.83,0,36,5,0.1388888888888889,0
406,58.56,0,30,2,0.06666666666666667,0
391,71.8,1,31,11,0.3548387096774194,0
770,84.38,1,27,12,0.4444444444444444,1
391,69.48,1,30,1,0.03333333333333333,0
897,28.37,0,20,0,0.0,0
897,43.31,1,31,26,0.8387096774193549,1
391,62.68,0,16,0,0.0,0
406,97.63,1,27,5,0.18518518518518517,0
897,37.93,1,24,5,0.20833333333333334,1
406,77.9,1,27,5,0.18518518518518517,0
818,81.37,0,21,8,0.38095238095238093,1
897,51.0,1,20,0,0.0,0
406,71.41,0,23,15,0.6521739130434783,0
770,74.41,0,26,14,0.5384615384615384,0
391,60.84,1,29,8,0.27586206896551724,0
406,63.68,0,23,9,0.391304347826087,1
391,65.26,0,16,0,0.0,0
770,44.88,1,21,1,0.047619047619047616,1
897,32.36,1,24,5,0.20833333333333334,1
391,78.49,1,28,5,0.17857142857142858,0
406,46.62,1,22,0,0.0,0
897,62.77,1,31,23,0.7419354838709677,1
818,58.79,0,30,2,0.06666666666666667,0
770,64.29,1,28,5,0.17857142857142858,0
391,60.32,0,28,5,0.17857142857142858,0
406,70.84,1,30,2,0.06666666666666667,0
770,36.86,0,28,1,0.03571428571428571,1
406,66.03,0,23,9,0.391304347826087,0
391,46.25,0,20,2,0.1,1
770,60.13,0,27,12,0.4444444444444444,1
406,80.69,0,35,13,0.37142857142857144,1
391,56.27,1,29,8,0.27586206896551724,0
770,64.4,0,28,25,0.8928571428571429,1
897,45.73,0,19,5,0.2631578947368421,0
897,80.59,1,34,0,0.0,0
818,66.01,1,27,9,0.3333333333333333,0
818,89.43,0,19,13,0.6842105263157895,1
897,34.69,1,26,3,0.11538461538461539,0
818,74.55,0,27,26,0.9629629629629629,1
818,67.37,0,19,13,0.6842105263157895,1
818,81.21,1,28,2,0.07142857142857142,0
818,74.28,0,19,13,0.6842105263157895,1
406,49.64,1,35,13,0.37142857142857144,0
770,66.66,0,22,17,0.7727272727272727,1
406,69.29,1,27,5,0.18518518518518517,0
391,56.5,0,16,0,0.0,0
406,41.19,1,22,0,0.0,0
391,49.14,0,28,2,0.07142857142857142,0
406,88.67,1,33,11,0.3333333333333333,0
770,61.18,1,23,2,0.08695652173913043,0
391,74.41,0,20,0,0.0,0
406,55.83,1,33,2,0.06060606060606061,0
770,16.78,0,18,10,0.5555555555555556,1
770,60.1,1,25,0,0.0,0
818,82.38,1,28,2,0.07142857142857142,1
391,30.9,1,27,1,0.037037037037037035,0
897,49.39,0,21,0,0.0,0
770,64.82,1,23,2,0.08695652173913043,0
897,26.37,0,31,23,0.7419354838709677,0
818,30.81,1,18,0,0.0,0
818,87.67,1,21,7,0.3333333333333333,1
391,74.18,0,24,0,0.0,0
406,59.78,1,21,4,0.19047619047619047,0
406,41.64,1,23,19,0.8260869565217391,0
818,58.64,0,27,9,0.3333333333333333,1
406,69.13,0,17,0,0.0,0
818,35.32,1,30,6,0.2,0
770,81.23,1,23,20,0.8695652173913043,1
770,56.86,1,28,7,0.25,1
897,18.09,0,19,2,0.10526315789473684,0
770,22.53,0,26,14,0.5384615384615384,1
818,53.65,1,27,9,0.3333333333333333,0
391,48.85,1,28,1,0.03571428571428571,0
406,81.47,0,30,2,0.06666666666666667,0
897,25.05,0,19,0,0.0,0
897,37.27,0,19,0,0.0,0
406,61.7,0,24,20,0.8333333333333334,1
391,79.21,0,21,16,0.7619047619047619,1
406,42.45,1,27,5,0.18518518518518517,0
406,60.57,1,26,13,0.5,0
391,61.42,0,22,2,0.09090909090909091,0
406,64.64,1,22,0,0.0,0
897,92.5,1,31,26,0.8387096774193549,1
406,70.61,1,33,2,0.06060606060606061,0
391,52.8,0,28,2,0.07142857142857142,0
770,69.26,0,26,19,0.7307692307692307,1
770,27.62,1,28,7,0.25,1
406,63.85,1,21,3,0.14285714285714285,0
391,73.06,0,31,18,0.5806451612903226,0
770,78.28,1,23,2,0.08695652173913043,0
406,55.53,0,23,9,0.391304347826087,1
818,36.04,0,27,9,0.3333333333333333,0
770,94.52,1,23,20,0.8695652173913043,1
391,75.44,0,24,14,0.5833333333333334,0
897,32.62,1,34,0,0.0,0
897,24.6,1,24,5,0.20833333333333334,0
406,83.08,0,21,17,0.8095238095238095,1
897,38.85,0,30,1,0.03333333333333333,0
818,92.65,1,27,9,0.3333333333333333,1
770,68.28,1,27,12,0.4444444444444444,1
770,27.34,1,28,1,0.03571428571428571,0
897,72.29,1,23,16,0.6956521739130435,1
391,81.87,0,30,1,0.03333333333333333,0
818,72.13,0,23,19,0.8260869565217391,1
391,56.67,0,22,2,0.09090909090909091,0
770,44.81,1,27,12,0.4444444444444444,0
406,81.37,0,24,20,0.8333333333333334,1
897,23.32,1,30,1,0.03333333333333333,0
406,44.14,1,21,17,0.8095238095238095,1
770,64.44,0,28,25,0.8928571428571429,1
770,75.29,0,28,25,0.8928571428571429,1
897,49.62,0,34,32,0.9411764705882353,1
391,81.77,1,25,11,0.44,1
391,70.87,1,31,11,0.3548387096774194,0
391,66.23,1,28,1,0.03571428571428571,0
406,69.42,0,15,14,0.9333333333333333,1
770,42.16,0,26,14,0.5384615384615384,1
897,57.17,0,23,2,0.08695652173913043,0
770,41.41,1,28,7,0.25,0
391,63.33,1,28,2,0.07142857142857142,0
391,43.79,1,24,6,0.25,0
818,69.93,0,29,6,0.20689655172413793,0
406,87.68,1,33,2,0.06060606060606061,0
770,70.67,0,26,14,0.5384615384615384,0
897,15.86,1,19,0,0.0,0
897,41.52,0,34,0,0.0,0
391,87.31,1,29,8,0.27586206896551724,0
391,68.24,0,23,15,0.6521739130434783,1
391,91.82,0,21,5,0.23809523809523808,0
406,84.98,1,19,17,0.8947368421052632,1
406,71.96,1,30,2,0.06666666666666667,0
770,60.3,1,23,20,0.8695652173913043,1
406,49.25,0,22,0,0.0,0
770,47.33,1,25,0,0.0,0
391,91.37,0,22,2,0.09090909090909091,0
406,72.07,1,21,3,0.14285714285714285,0
391,85.2,1,21,16,0.7619047619047619,1
897,49.41,0,26,3,0.11538461538461539,0
406,72.0,0,31,9,0.2903225806451613,0
391,69.46,0,22,7,0.3181818181818182,1
770,55.91,0,26,14,0.5384615384615384,1
406,67.52,0,24,20,0.8333333333333334,1
770,84.78,1,23,20,0.8695652173913043,1
406,84.38,1,26,13,0.5,0
391,61.95,0,28,2,0.07142857142857142,0
818,58.52,0,27,26,0.9629629629629629,1
770,56.53,0,36,5,0.1388888888888889,0
391,94.16,0,31,18,0.5806451612903226,1
406,72.88,1,21,0,0.0,0
391,50.28,1,25,11,0.44,0
770,52.6,1,21,5,0.23809523809523808,0
391,50.8,1,31,11,0.3548387096774194,0
770,78.36,0,21,5,0.23809523809523808,1
818,62.86,1,30,6,0.2,1
770,53.39,1,28,1,0.03571428571428571,0
391,58.73,0,30,25,0.8333333333333334,1
770,23.81,1,18,10,0.5555555555555556,0
406,82.64,0,31,9,0.2903225806451613,0
770,89.9,0,26,19,0.7307692307692307,1
818,68.42,0,23,19,0.8260869565217391,1
391,51.83,1,20,2,0.1,0
818,109.96,1,29,6,0.20689655172413793,0
391,42.35,0,22,2,0.09090909090909091,1
391,47.07,0,26,0,0.0,0
770,55.8,0,28,5,0.17857142857142858,0
770,79.37,1,24,23,0.9583333333333334,1
818,56.47,0,29,6,0.20689655172413793,0
897,26.14,0,25,1,0.04,0
406,64.05,1,26,13,0.5,0
406,43.82,1,21,4,0.19047619047619047,0
770,39.25,0,18,10,0.5555555555555556,1
391,83.59,1,31,18,0.5806451612903226,1
770,84.13,0,28,1,0.03571428571428571,0
897,40.48,0,23,2,0.08695652173913043,0
391,32.24,0,20,2,0.1,0
391,68.08,0,21,16,0.7619047619047619,1
818,78.83,1,29,6,0.20689655172413793,0
770,72.67,1,21,5,0.23809523809523808,0
391,49.08,1,28,1,0.03571428571428571,0
770,45.41,0,21,1,0.047619047619047616,0
391,78.09,0,26,0,0.0,0
897,12.62,1,30,1,0.03333333333333333,0
897,41.38,0,19,5,0.2631578947368421,0
391,52.87,1,31,11,0.3548387096774194,0
770,36.93,0,36,5,0.1388888888888889,0
770,40.69,1,28,7,0.25,0
770,73.15,1,28,1,0.03571428571428571,0
897,34.5,0,21,0,0.0,0
770,74.49,0,28,5,0.17857142857142858,0
897,53.33,0,34,0,0.0,0
391,89.35,0,22,2,0.09090909090909091,0
406,71.45,1,30,2,0.06666666666666667,0
770,25.66,0,23,2,0.08695652173913043,0
770,70.6,0,28,5,0.17857142857142858,1
818,32.87,1,18,0,0.0,0
770,39.69,0,28,5,0.17857142857142858,1
818,77.54,0,30,2,0.06666666666666667,0
897,47.08,0,23,2,0.08695652173913043,0
897,22.93,1,19,0,0.0,0
770,54.42,1,22,17,0.7727272727272727,1
818,10.94,0,35,22,0.6285714285714286,0
391,89.07,1,30,25,0.8333333333333334,1
406,84.87,1,27,5,0.18518518518518517,0
406,107.11,0,21,20,0.9523809523809523,1
391,86.92,0,16,0,0.0,0
818,59.17,0,18,0,0.0,0
406,42.87,1,33,11,0.3333333333333333,0
406,46.24,0,31,9,0.2903225806451613,0
406,43.74,1,27,5,0.18518518518518517,0
770,51.31,1,23,20,0.8695652173913043,1
406,80.87,1,33,2,0.06060606060606061,0
770,28.95,0,26,14,0.5384615384615384,1
391,80.71,0,22,2,0.09090909090909091,0
770,38.59,0,36,5,0.1388888888888889,0
391,58.49,1,20,0,0.0,0
406,76.68,0,31,9,0.2903225806451613,0
897,24.59,0,30,1,0.03333333333333333,0
406,52.57,0,31,9,0.2903225806451613,1
770,36.26,1,25,13,0.52,0
818,70.57,0,19,0,0.0,0
818,59.07,1,30,2,0.06666666666666667,0
770,37.24,0,25,0,0.0,0
391,73.61,1,26,0,0.0,0
391,104.02,1,31,11,0.3548387096774194,1
391,82.21,1,28,1,0.03571428571428571,0
391,60.19,0,26,0,0.0,0
770,47.99,0,21,5,0.23809523809523808,1
406,98.88,0,24,20,0.8333333333333334,1
770,72.09,1,23,20,0.8695652173913043,1
818,58.99,0,27,26,0.9629629629629629,1
897,46.03,1,24,5,0.20833333333333334,0
391,66.55,1,28,1,0.03571428571428571,0
391,91.34,1,20,0,0.0,0
391,53.69,0,28,1,0.03571428571428571,0
406,89.67,0,30,2,0.06666666666666667,0
391,59.0,0,16,0,0.0,0
770,78.92,0,22,17,0.7727272727272727,0
406,62.96,1,21,0,0.0,0
770,54.66,0,28,1,0.03571428571428571,0
391,58.85,0,28,1,0.03571428571428571,0
770,88.48,1,25,0,0.0,0
897,47.13,1,31,23,0.7419354838709677,1
818,53.8,1,22,20,0.9090909090909091,1
391,65.27,0,23,15,0.6521739130434783,0
818,54.82,0,27,9,0.3333333333333333,0
391,85.64,0,30,1,0.03333333333333333,0
897,32.02,1,31,23,0.7419354838709677,0
897,67.82,0,20,0,0.0,0
406,56.56,1,22,0,0.0,0
770,53.66,0,27,12,0.4444444444444444,1
391,93.36,1,31,11,0.3548387096774194,0
897,51.81,0,26,3,0.11538461538461539,0
818,7.45,0,35,22,0.6285714285714286,1
406,47.52,1,33,2,0.06060606060606061,0
818,66.07,0,23,19,0.8260869565217391,1
818,49.62,0,22,20,0.9090909090909091,1
406,47.33,1,23,19,0.8260869565217391,0
391,68.64,1,30,1,0.03333333333333333,0
391,56.99,1,30,25,0.8333333333333334,0
770,38.61,1,22,17,0.7727272727272727,1
897,10.64,0,17,15,0.8823529411764706,0
818,61.9,1,30,6,0.2,0
406,48.73,0,23,19,0.8260869565217391,1
391,63.03,0,22,7,0.3181818181818182,1
897,25.38,1,34,32,0.9411764705882353,0
818,44.25,1,19,0,0.0,0
391,94.38,0,22,2,0.09090909090909091,0
897,52.9,0,34,0,0.0,0
770,89.96,1,24,23,0.9583333333333334,1
897,57.14,0,20,0,0.0,0
406,64.04,0,17,15,0.8823529411764706,1
770,34.63,1,22,17,0.7727272727272727,0
770,34.65,1,36,5,0.1388888888888889,0
391,66.8,0,29,8,0.27586206896551724,0
770,82.34,1,23,2,0.08695652173913043,0
391,53.12,1,28,2,0.07142857142857142,0
406,68.2,1,30,2,0.06666666666666667,0
818,77.66,1,20,20,1.0,1
770,71.5,0,26,14,0.5384615384615384,1
897,46.49,0,19,2,0.10526315789473684,0
391,42.25,0,27,1,0.037037037037037035,0
897,53.95,0,23,16,0.6956521739130435,1
770,46.53,1,36,5,0.1388888888888889,0
391,45.8,1,28,5,0.17857142857142858,0
897,22.0,1,19,0,0.0,0
770,62.58,1,28,1,0.03571428571428571,0
897,40.94,1,31,26,0.8387096774193549,0
770,37.25,1,23,2,0.08695652173913043,0
818,57.04,1,19,0,0.0,0
391,69.22,1,28,5,0.17857142857142858,0
391,83.15,1,24,0,0.0,0
406,58.35,1,23,15,0.6521739130434783,0
818,16.58,1,35,22,0.6285714285714286,0
897,40.66,1,23,16,0.6956521739130435,1
391,55.37,0,30,25,0.8333333333333334,1
391,68.88,1,20,0,0.0,0
391,50.63,1,24,6,0.25,0
818,27.84,1,35,22,0.6285714285714286,1
391,101.93,1,31,18,0.5806451612903226,1
770,54.2,1,25,0,0.0,0
391,73.57,1,31,18,0.5806451612903226,0
818,45.02,1,28,2,0.07142857142857142,0
406,76.89,1,28,23,0.8214285714285714,0
818,60.86,0,30,2,0.06666666666666667,0
406,60.25,1,33,2,0.06060606060606061,0
897,38.97,0,30,1,0.03333333333333333,0
770,62.66,0,28,1,0.03571428571428571,0
818,58.19,0,23,19,0.8260869565217391,1
818,51.6,0,30,2,0.06666666666666667,0
818,70.47,0,30,2,0.06666666666666667,0
818,64.53,1,28,2,0.07142857142857142,0
391,59.78,0,26,0,0.0,0
391,56.2,0,22,7,0.3181818181818182,1
897,47.75,0,25,1,0.04,0
406,83.24,1,19,17,0.8947368421052632,1
391,77.19,1,16,0,0.0,0
391,59.21,0,23,15,0.6521739130434783,1
897,46.31,0,19,5,0.2631578947368421,0
897,61.24,1,19,0,0.0,0
770,60.46,1,27,12,0.4444444444444444,1
897,73.32,0,34,0,0.0,0
897,34.58,0,25,1,0.04,0
406,64.74,1,28,23,0.8214285714285714,1
406,85.22,0,28,23,0.8214285714285714,1
818,60.57,1,30,6,0.2,0
897,41.31,1,34,32,0.9411764705882353,1
391,70.13,0,24,0,0.0,0
391,68.47,1,20,0,0.0,0
818,85.3,0,27,26,0.9629629629629629,1
818,63.58,1,21,7,0.3333333333333333,0
770,87.1,0,24,23,0.9583333333333334,1
391,73.84,0,22,2,0.09090909090909091,0
391,61.19,1,28,2,0.07142857142857142,0
391,95.99,0,24,0,0.0,0
770,57.88,0,28,1,0.03571428571428571,0
406,65.61,0,17,15,0.8823529411764706,1
406,98.35,1,19,17,0.8947368421052632,1
391,96.6,0,31,18,0.5806451612903226,0
406,60.57,1,23,9,0.391304347826087,0
818,84.15,0,19,13,0.6842105263157895,1
391,65.75,0,24,6,0.25,0
406,96.48,0,30,2,0.06666666666666667,0
818,87.0,0,23,19,0.8260869565217391,1
770,57.07,0,26,14,0.5384615384615384,0
897,53.81,0,17,15,0.8823529411764706,1
391,24.25,0,21,16,0.7619047619047619,1
391,80.85,1,30,1,0.03333333333333333,0
391,65.47,1,28,5,0.17857142857142858,0
406,58.58,0,21,20,0.9523809523809523,1
406,62.4,1,33,2,0.06060606060606061,0
818,51.64,1,20,20,1.0,1
406,37.19,0,23,19,0.8260869565217391,1
406,73.08,1,21,0,0.0,0
770,39.87,0,26,14,0.5384615384615384,1
897,42.86,0,31,23,0.7419354838709677,1
406,73.99,1,28,23,0.8214285714285714,0
770,37.08,0,25,13,0.52,1
897,62.83,1,31,26,0.8387096774193549,0
770,34.36,1,25,13,0.52,0
391,81.59,1,30,25,0.8333333333333334,1
391,78.59,0,22,2,0.09090909090909091,0
770,69.85,0,28,5,0.17857142857142858,1
406,70.98,1,19,17,0.8947368421052632,1
406,97.42,1,35,13,0.37142857142857144,0
406,50.55,0,21,20,0.9523809523809523,1
391,62.64,1,31,11,0.3548387096774194,1
770,100.51,1,23,2,0.08695652173913043,0
391,73.62,1,24,0,0.0,0
391,98.83,1,24,0,0.0,0
406,51.2,1,33,11,0.3333333333333333,0
406,70.29,1,21,3,0.14285714285714285,0
406,74.56,1,33,2,0.06060606060606061,0
770,74.47,0,26,19,0.7307692307692307,1
406,109.81,1,26,13,0.5,0
406,84.31,1,24,20,0.8333333333333334,0
406,48.87,1,22,0,0.0,0
770,30.06,1,23,20,0.8695652173913043,1
770,83.32,1,23,2,0.08695652173913043,0
770,59.34,0,26,14,0.5384615384615384,1
406,95.58,0,35,13,0.37142857142857144,0
391,46.0,1,31,11,0.3548387096774194,0
406,61.2,1,23,15,0.6521739130434783,1
391,89.97,1,31,18,0.5806451612903226,1
770,44.4,1,28,5,0.17857142857142858,0
818,96.58,0,29,6,0.20689655172413793,0
406,59.36,0,21,20,0.9523809523809523,1
818,77.24,1,27,9,0.3333333333333333,0
406,50.69,0,21,20,0.9523809523809523,1
406,43.77,0,21,17,0.8095238095238095,1
406,72.2,1,21,0,0.0,0
818,71.02,1,18,0,0.0,0
818,61.46,0,29,6,0.20689655172413793,0
391,72.94,0,22,7,0.3181818181818182,1
406,67.51,1,33,2,0.06060606060606061,0
391,53.73,0,21,5,0.23809523809523808,1
818,76.69,1,29,6,0.20689655172413793,0
818,70.9,0,18,0,0.0,0
818,69.4,0,19,0,0.0,0
818,72.82,1,22,20,0.9090909090909091,1
406,59.25,1,33,2,0.06060606060606061,0
406,92.96,1,30,2,0.06666666666666667,0
818,75.07,1,30,6,0.2,0
770,55.22,1,23,20,0.8695652173913043,0
897,34.75,1,34,32,0.9411764705882353,1
391,68.81,0,29,8,0.27586206896551724,1
770,57.24,1,21,5,0.23809523809523808,0
770,54.49,1,27,12,0.4444444444444444,0
818,64.27,0,18,0,0.0,0
897,7.33,0,19,2,0.10526315789473684,0
406,42.37,1,35,13,0.37142857142857144,0
391,68.97,1,30,1,0.03333333333333333,0
770,36.26,1,36,5,0.1388888888888889,0
770,59.6,0,28,25,0.8928571428571429,1
770,25.78,0,18,10,0.5555555555555556,0
818,52.62,0,20,20,1.0,1
897,64.44,0,19,5,0.2631578947368421,1
391,85.52,1,30,1,0.03333333333333333,0
818,51.94,1,30,6,0.2,1
818,59.91,0,20,20,1.0,1
406,89.05,0,15,14,0.9333333333333333,1
406,71.7,1,33,2,0.06060606060606061,0
391,70.51,1,20,0,0.0,0
406,55.14,1,23,15,0.6521739130434783,0
770,58.36,1,28,1,0.03571428571428571,0
391,55.88,0,24,14,0.5833333333333334,1
406,66.54,0,35,13,0.37142857142857144,1
406,77.33,1,23,15,0.6521739130434783,1
406,94.97,0,21,3,0.14285714285714285,1
391,83.18,1,16,0,0.0,0
406,72.32,1,26,13,0.5,1
897,51.43,0,34,0,0.0,0
897,35.32,0,17,15,0.8823529411764706,1
406,73.09,1,21,0,0.0,0
818,63.97,1,28,2,0.07142857142857142,0
406,57.26,0,21,20,0.9523809523809523,1
770,62.84,0,28,5,0.17857142857142858,0
391,24.91,1,28,1,0.03571428571428571,0
391,34.41,0,27,1,0.037037037037037035,0
770,47.64,0,28,1,0.03571428571428571,0
770,55.16,1,21,1,0.047619047619047616,0
406,82.19,1,30,2,0.06666666666666667,0
897,29.41,0,30,1,0.03333333333333333,0
897,64.29,1,23,16,0.6956521739130435,1
391,105.25,1,30,25,0.8333333333333334,1
770,32.78,0,28,1,0.03571428571428571,0
770,81.63,0,28,5,0.17857142857142858,0
406,67.51,0,15,14,0.9333333333333333,1
770,73.9,0,26,19,0.7307692307692307,1
406,71.66,0,33,2,0.06060606060606061,1
770,56.1,0,36,5,0.1388888888888889,0
770,62.39,0,28,5,0.17857142857142858,0
770,56.31,1,26,19,0.7307692307692307,0
897,44.79,0,19,5,0.2631578947368421,1
897,52.53,0,26,3,0.11538461538461539,1
391,55.1,1,28,5,0.17857142857142858,0
770,64.89,0,21,5,0.23809523809523808,0
770,48.42,1,23,20,0.8695652173913043,1
770,56.25,0,28,1,0.03571428571428571,0
391,62.32,0,24,14,0.5833333333333334,1
897,24.42,1,34,32,0.9411764705882353,1
897,23.08,0,19,5,0.2631578947368421,0
391,85.89,1,20,0,0.0,0
770,64.06,0,36,5,0.1388888888888889,1
818,76.85,0,27,26,0.9629629629629629,1
406,71.36,0,23,15,0.6521739130434783,1
391,65.39,1,29,8,0.27586206896551724,0
818,56.93,1,28,2,0.07142857142857142,0
391,76.81,0,30,25,0.8333333333333334,1
406,65.79,1,21,17,0.8095238095238095,0
406,74.94,0,28,23,0.8214285714285714,1
391,57.46,1,29,8,0.27586206896551724,0
770,85.86,1,26,19,0.7307692307692307,1
897,49.7,0,26,3,0.11538461538461539,0
391,81.9,0,24,14,0.5833333333333334,0
406,91.32,1,19,17,0.8947368421052632,0
818,97.6,0,20,20,1.0,1
897,58.68,0,23,2,0.08695652173913043,0
897,21.89,1,21,0,0.0,0
406,55.42,0,21,4,0.19047619047619047,0
391,70.43,0,21,5,0.23809523809523808,1
818,53.19,1,35,22,0.6285714285714286,0
770,44.87,1,25,13,0.52,1
770,63.12,0,26,19,0.7307692307692307,1
391,16.57,1,28,5,0.17857142857142858,0
770,78.37,1,26,19,0.7307692307692307,0
897,25.79,1,34,32,0.9411764705882353,1
897,59.4,0,31,26,0.8387096774193549,1
406,39.6,1,27,5,0.18518518518518517,0
391,38.45,0,21,16,0.7619047619047619,1
406,87.37,0,24,20,0.8333333333333334,1
406,48.72,0,28,23,0.8214285714285714,1
897,55.11,1,21,0,0.0,0
818,36.02,0,30,2,0.06666666666666667,0
391,31.72,0,16,0,0.0,0
391,35.46,0,29,8,0.27586206896551724,1
897,5.26,1,24,5,0.20833333333333334,0
770,48.8,1,28,1,0.03571428571428571,0
818,55.55,1,35,22,0.6285714285714286,1
897,30.23,1,19,5,0.2631578947368421,0
391,79.87,0,16,0,0.0,0
391,73.75,0,29,8,0.27586206896551724,0
770,63.03,0,28,1,0.03571428571428571,0
770,61.97,0,28,25,0.8928571428571429,1
818,68.31,0,21,7,0.3333333333333333,0
818,81.21,0,21,8,0.38095238095238093,1
406,55.54,0,22,0,0.0,0
770,53.52,0,28,1,0.03571428571428571,0
406,84.23,1,30,2,0.06666666666666667,0
818,72.88,0,18,0,0.0,0
818,15.99,0,35,22,0.6285714285714286,1
818,27.52,0,19,0,0.0,0
770,83.68,1,28,5,0.17857142857142858,0
406,73.56,1,21,0,0.0,0
391,32.05,1,21,16,0.7619047619047619,0
391,31.12,1,20,2,0.1,0
406,111.21,0,21,17,0.8095238095238095,0
818,88.48,0,19,13,0.6842105263157895,1
770,61.76,0,25,0,0.0,0
897,57.05,1,21,0,0.0,0
770,69.15,1,24,23,0.9583333333333334,1
391,82.04,1,30,25,0.8333333333333334,0
897,68.28,0,34,32,0.9411764705882353,1
897,43.39,0,19,0,0.0,0
897,43.17,0,23,2,0.08695652173913043,0
406,65.76,1,15,14,0.9333333333333333,1
391,60.72,0,30,1,0.03333333333333333,0
406,90.27,1,30,2,0.06666666666666667,0
897,86.5,0,34,0,0.0,0
406,72.76,0,30,2,0.06666666666666667,0
770,30.12,0,28,7,0.25,0
770,78.39,0,26,19,0.7307692307692307,0
770,72.36,1,26,14,0.5384615384615384,0
897,52.07,0,23,2,0.08695652173913043,0
391,60.26,1,24,6,0.25,0
406,54.59,1,27,5,0.18518518518518517,0
770,50.96,0,23,2,0.08695652173913043,0
818,62.17,1,21,8,0.38095238095238093,1
406,61.37,0,22,0,0.0,0
391,72.97,0,27,1,0.037037037037037035,0
406,78.76,1,21,3,0.14285714285714285,0
897,60.39,0,34,0,0.0,0
391,30.11,0,28,5,0.17857142857142858,1
391,82.68,1,21,16,0.7619047619047619,1
391,32.82,1,25,11,0.44,0
770,30.9,0,26,14,0.5384615384615384,1
406,69.87,1,21,3,0.14285714285714285,0
897,14.05,0,31,23,0.7419354838709677,1
897,63.21,0,17,15,0.8823529411764706,1
406,62.49,0,30,2,0.06666666666666667,1
770,117.01,0,26,19,0.7307692307692307,1
391,114.44,1,20,0,0.0,0
391,74.86,0,30,1,0.03333333333333333,0
818,45.52,0,19,0,0.0,0
897,71.26,0,31,26,0.8387096774193549,1
818,50.79,0,30,2,0.06666666666666667,0
818,72.1,0,29,6,0.20689655172413793,0
391,53.89,0,26,0,0.0,0
406,59.73,1,23,19,0.8260869565217391,0
818,74.03,1,22,20,0.9090909090909091,1
818,40.08,1,30,6,0.2,0
770,63.67,0,26,14,0.5384615384615384,0
897,56.84,0,17,15,0.8823529411764706,1
391,49.83,0,23,15,0.6521739130434783,1
406,75.47,0,23,9,0.391304347826087,1
897,64.16,0,26,3,0.11538461538461539,0
897,56.04,1,34,32,0.9411764705882353,1
897,14.0,1,30,1,0.03333333333333333,0
406,55.54,1,26,13,0.5,1
406,51.19,0,22,0,0.0,0
406,85.3,1,21,4,0.19047619047619047,0
406,44.58,1,33,2,0.06060606060606061,0
406,50.38,0,30,2,0.06666666666666667,0
770,57.64,0,28,5,0.17857142857142858,1
391,92.11,0,22,2,0.09090909090909091,0
391,69.54,1,28,5,0.17857142857142858,0
391,65.57,1,16,0,0.0,0
770,61.67,1,28,7,0.25,0
391,44.43,0,20,2,0.1,0
897,23.05,0,24,5,0.20833333333333334,1
770,61.14,1,28,7,0.25,1
391,76.66,1,26,0,0.0,0
770,42.18,0,28,5,0.17857142857142858,0
770,44.78,1,28,1,0.03571428571428571,0
391,76.53,1,21,5,0.23809523809523808,0
770,59.73,0,28,1,0.03571428571428571,0
391,68.5,1,24,0,0.0,0
406,59.19,0,30,2,0.06666666666666667,0
770,65.75,0,28,5,0.17857142857142858,0
818,63.81,0,21,8,0.38095238095238093,0
770,58.09,1,25,0,0.0,0
897,22.35,1,30,1,0.03333333333333333,0
391,68.95,0,22,7,0.3181818181818182,0
406,29.99,0,23,19,0.8260869565217391,1
391,57.33,1,28,1,0.03571428571428571,0
406,99.67,0,35,13,0.37142857142857144,1
770,55.46,0,26,19,0.7307692307692307,1
897,52.41,0,23,2,0.08695652173913043,0
770,48.59,1,36,5,0.1388888888888889,0
406,75.19,0,17,0,0.0,0
406,71.33,0,31,9,0.2903225806451613,0
897,40.94,1,25,1,0.04,0
770,50.3,0,26,19,0.7307692307692307,0
897,15.4,0,19,0,0.0,0
391,84.25,0,29,8,0.27586206896551724,1
406,77.14,1,30,2,0.06666666666666667,0
391,35.36,0,28,2,0.07142857142857142,1
818,74.47,0,23,19,0.8260869565217391,1
406,84.89,1,28,23,0.8214285714285714,0
770,44.41,1,28,1,0.03571428571428571,0
818,88.72,0,29,6,0.20689655172413793,1
770,44.71,1,23,2,0.08695652173913043,0
770,56.03,1,28,25,0.8928571428571429,0
897,49.75,0,23,2,0.08695652173913043,0
406,84.99,0,17,0,0.0,0
818,70.76,1,19,0,0.0,0
391,56.88,0,28,5,0.17857142857142858,1
406,44.77,1,23,15,0.6521739130434783,1
406,91.21,0,24,20,0.8333333333333334,1
391,45.06,1,21,16,0.7619047619047619,0
406,52.75,0,22,0,0.0,0
391,64.72,1,27,1,0.037037037037037035,0
391,53.68,1,26,0,0.0,0
406,80.99,0,15,14,0.9333333333333333,1
391,73.9,0,22,7,0.3181818181818182,0
818,89.28,1,28,2,0.07142857142857142,0
818,30.03,0,22,20,0.9090909090909091,1
897,46.39,0,31,26,0.8387096774193549,1
406,80.56,1,21,4,0.19047619047619047,0
391,17.85,0,20,2,0.1,0
406,81.53,1,21,3,0.14285714285714285,0
391,89.37,1,24,0,0.0,0
391,73.15,0,21,5,0.23809523809523808,0
391,62.31,0,30,1,0.03333333333333333,0
391,84.86,1,24,0,0.0,0
818,54.95,0,18,0,0.0,0
391,60.61,1,20,0,0.0,0
391,74.28,0,24,14,0.5833333333333334,1
770,46.2,0,28,5,0.17857142857142858,0
391,48.04,1,28,5,0.17857142857142858,0
406,54.6,0,35,13,0.37142857142857144,1
406,81.21,1,26,13,0.5,1
406,49.83,1,17,15,0.8823529411764706,1
897,56.88,1,31,23,0.7419354838709677,1
406,94.77,0,28,23,0.8214285714285714,1
897,102.79,0,31,26,0.8387096774193549,1
897,36.13,1,34,0,0.0,0
897,50.82,0,20,0,0.0,0
406,66.75,1,27,5,0.18518518518518517,0
770,55.12,1,23,20,0.8695652173913043,0
770,47.63,1,23,2,0.08695652173913043,0
818,54.33,0,18,0,0.0,0
391,59.56,1,27,1,0.037037037037037035,0
406,46.35,1,33,11,0.3333333333333333,0
406,59.54,0,31,9,0.2903225806451613,0
897,40.88,1,31,23,0.7419354838709677,0
391,61.84,1,24,6,0.25,0
406,56.31,0,28,23,0.8214285714285714,1
770,47.48,0,25,0,0.0,0
391,84.13,0,20,0,0.0,0
818,34.27,0,35,22,0.6285714285714286,0
897,64.1,0,31,26,0.8387096774193549,1
770,63.32,1,25,0,0.0,0
818,55.22,0,19,0,0.0,0
391,64.87,1,24,0,0.0,0
897,53.68,0,34,0,0.0,0
391,53.59,0,16,0,0.0,0
391,60.75,0,24,0,0.0,0
770,55.88,1,21,5,0.23809523809523808,0
406,70.75,1,23,15,0.6521739130434783,0
770,60.03,0,25,13,0.52,0
818,75.04,0,22,20,0.9090909090909091,1
770,61.47,1,27,12,0.4444444444444444,0
406,98.68,1,30,2,0.06666666666666667,0
770,46.07,1,26,14,0.5384615384615384,0
818,74.37,1,22,20,0.9090909090909091,0
770,67.23,1,26,19,0.7307692307692307,0
770,101.06,0,28,25,0.8928571428571429,1
818,71.19,1,29,6,0.20689655172413793,0
770,63.74,1,23,20,0.8695652173913043,1
897,27.22,0,34,32,0.9411764705882353,1
770,33.62,1,23,2,0.08695652173913043,0
897,33.75,0,24,5,0.20833333333333334,0
391,55.53,1,31,11,0.3548387096774194,0
770,41.61,1,23,20,0.8695652173913043,1
770,49.56,1,23,2,0.08695652173913043,0
818,60.2,0,30,2,0.06666666666666667,0
897,50.16,1,24,5,0.20833333333333334,1
391,73.0,0,22,7,0.3181818181818182,0
391,62.04,1,21,16,0.7619047619047619,1
406,45.48,0,23,9,0.391304347826087,0
818,13.15,1,35,22,0.6285714285714286,0
406,30.53,0,33,11,0.3333333333333333,1
406,55.94,1,22,0,0.0,0
406,96.22,1,26,13,0.5,0
770,43.62,1,27,12,0.4444444444444444,0
897,61.39,1,23,16,0.6956521739130435,0
770,69.18,1,27,12,0.4444444444444444,0
406,97.91,1,19,17,0.8947368421052632,1
391,75.34,0,23,15,0.6521739130434783,1
391,63.57,0,28,2,0.07142857142857142,0
897,39.45,1,34,0,0.0,0
770,44.92,0,25,13,0.52,1
897,40.86,1,34,32,0.9411764705882353,1
406,63.92,0,21,20,0.9523809523809523,1
818,92.82,0,29,6,0.20689655172413793,0
818,34.41,0,35,22,0.6285714285714286,1
818,96.82,0,29,6,0.20689655172413793,0
391,47.52,0,20,2,0.1,0
897,51.65,0,23,2,0.08695652173913043,0
818,31.45,1,35,22,0.6285714285714286,1
406,58.96,1,15,14,0.9333333333333333,1
897,47.45,0,25,1,0.04,0
391,58.76,0,22,7,0.3181818181818182,0
770,46.4,1,24,23,0.9583333333333334,1
406,68.22,0,21,17,0.8095238095238095,1
770,64.41,0,25,13,0.52,0
406,73.82,0,26,13,0.5,0
391,43.81,1,28,2,0.07142857142857142,0
897,45.14,0,23,2,0.08695652173913043,0
897,36.71,0,34,0,0.0,0
391,51.1,1,28,5,0.17857142857142858,0
770,52.84,1,28,25,0.8928571428571429,0
391,47.55,1,28,2,0.07142857142857142,0
818,69.43,0,19,13,0.6842105263157895,0
818,44.89,1,27,9,0.3333333333333333,1
897,33.01,1,24,5,0.20833333333333334,0
770,58.44,1,25,0,0.0,0
406,65.13,0,35,13,0.37142857142857144,0
391,78.37,0,24,0,0.0,0
406,53.34,1,28,23,0.8214285714285714,1
770,44.05,1,21,1,0.047619047619047616,0
770,65.07,1,21,1,0.047619047619047616,0
391,72.14,1,24,0,0.0,0
770,43.12,1,21,5,0.23809523809523808,0
818,66.92,0,27,26,0.9629629629629629,1
818,64.67,1,30,2,0.06666666666666667,0
770,27.08,0,28,5,0.17857142857142858,0
391,72.79,0,26,0,0.0,0
770,52.74,0,36,5,0.1388888888888889,0
406,71.83,0,33,11,0.3333333333333333,1
770,37.49,1,23,2,0.08695652173913043,0
897,88.13,0,34,0,0.0,0
818,55.34,0,30,2,0.06666666666666667,0
897,10.36,0,31,23,0.7419354838709677,0
406,79.58,0,30,2,0.06666666666666667,0
770,59.78,1,21,1,0.047619047619047616,0
770,68.12,0,23,2,0.08695652173913043,0
391,58.98,1,28,2,0.07142857142857142,0
406,59.08,0,23,9,0.391304347826087,1
391,81.28,0,22,2,0.09090909090909091,0
897,14.22,0,34,0,0.0,0
770,84.43,0,28,25,0.8928571428571429,1
818,66.72,1,30,2,0.06666666666666667,0
406,71.6,1,21,0,0.0,0
818,30.05,0,19,0,0.0,0
897,32.75,0,31,23,0.7419354838709677,1
818,50.66,0,30,2,0.06666666666666667,0
770,23.38,0,18,10,0.5555555555555556,1
406,63.33,0,23,19,0.8260869565217391,1
391,61.17,0,28,2,0.07142857142857142,0
818,46.66,0,22,20,0.9090909090909091,1
406,83.42,0,17,15,0.8823529411764706,1
391,120.76,0,22,2,0.09090909090909091,0
770,68.16,1,23,2,0.08695652173913043,0
391,53.81,0,20,2,0.1,0
770,68.03,0,28,5,0.17857142857142858,0
770,38.0,1,28,7,0.25,0
770,69.29,1,22,17,0.7727272727272727,1
818,42.25,0,18,0,0.0,0
406,51.53,1,33,11,0.3333333333333333,0
818,84.26,0,29,6,0.20689655172413793,0
818,81.53,0,23,19,0.8260869565217391,1
406,63.32,1,21,17,0.8095238095238095,0
818,60.3,0,27,26,0.9629629629629629,1
897,15.18,0,30,1,0.03333333333333333,0
391,50.17,1,28,5,0.17857142857142858,0
897,7.08,1,24,5,0.20833333333333334,0
818,66.59,0,30,2,0.06666666666666667,1
391,56.86,0,22,2,0.09090909090909091,0
391,61.89,1,25,11,0.44,0
406,65.49,1,21,4,0.19047619047619047,1
897,17.12,1,24,5,0.20833333333333334,0
770,47.47,1,26,14,0.5384615384615384,0
391,36.26,0,24,6,0.25,0
406,62.17,0,21,17,0.8095238095238095,1
897,41.08,1,23,16,0.6956521739130435,1
391,48.52,1,26,0,0.0,0
406,96.76,0,21,3,0.14285714285714285,0
770,56.6,1,28,1,0.03571428571428571,0
770,56.6,1,28,7,0.25,0
897,39.39,1,34,32,0.9411764705882353,1
770,81.85,1,36,5,0.1388888888888889,0
770,52.45,1,28,1,0.03571428571428571,0
406,48.47,0,23,15,0.6521739130434783,1
897,7.96,0,19,2,0.10526315789473684,0
391,76.47,0,31,11,0.3548387096774194,1
391,100.7,0,24,0,0.0,0
818,75.99,0,18,0,0.0,0
897,55.57,0,20,0,0.0,0
406,83.93,1,27,5,0.18518518518518517,0
391,48.75,0,28,2,0.07142857142857142,0
770,48.98,1,25,13,0.52,0
818,55.21,1,30,6,0.2,0
770,92.48,1,28,5,0.17857142857142858,0
391,43.89,0,24,6,0.25,1
818,79.43,1,28,2,0.07142857142857142,0
391,64.47,0,16,0,0.0,0
818,88.36,0,23,19,0.8260869565217391,1
897,20.99,0,31,23,0.7419354838709677,1
391,80.15,1,24,0,0.0,0
770,46.64,0,25,13,0.52,0
406,62.93,1,23,15,0.6521739130434783,1
391,68.48,0,22,7,0.3181818181818182,1
391,69.58,0,26,0,0.0,0
406,78.68,1,21,17,0.8095238095238095,1
897,13.36,0,30,1,0.03333333333333333,0
770,67.29,0,23,2,0.08695652173913043,0
770,86.83,1,23,2,0.08695652173913043,1
406,62.41,1,33,11,0.3333333333333333,1
391,74.7,0,24,14,0.5833333333333334,1
391,70.9,1,27,1,0.037037037037037035,0
770,58.65,1,26,19,0.7307692307692307,1
897,40.52,1,30,1,0.03333333333333333,0
770,60.17,0,28,1,0.03571428571428571,0
391,69.55,0,22,7,0.3181818181818182,0
818,36.21,1,35,22,0.6285714285714286,1
391,71.96,1,24,0,0.0,0
770,60.35,0,26,14,0.5384615384615384,0
770,43.71,1,21,1,0.047619047619047616,0
391,53.53,1,20,2,0.1,0
406,62.94,1,27,5,0.18518518518518517,0
770,23.53,0,28,7,0.25,0
770,56.73,1,24,23,0.9583333333333334,1
770,60.46,1,24,23,0.9583333333333334,1
897,35.49,0,30,1,0.03333333333333333,0
770,58.19,0,28,25,0.8928571428571429,1
897,91.42,1,34,0,0.0,0
406,97.33,0,35,13,0.37142857142857144,1
818,50.63,1,28,2,0.07142857142857142,0
770,90.57,0,28,25,0.8928571428571429,1
391,70.12,1,31,11,0.3548387096774194,1
406,55.0,1,33,11,0.3333333333333333,0
406,50.89,1,33,11,0.3333333333333333,0
897,16.31,0,30,1,0.03333333333333333,0
897,41.56,1,34,32,0.9411764705882353,1
818,61.02,1,22,20,0.9090909090909091,1
391,50.88,1,31,11,0.3548387096774194,1
818,72.49,0,18,0,0.0,0
897,57.97,1,31,26,0.8387096774193549,1
770,60.47,1,22,17,0.7727272727272727,1
770,46.56,1,26,19,0.7307692307692307,0
818,7.74,0,35,22,0.6285714285714286,1
818,65.7,0,30,2,0.06666666666666667,0
391,74.57,1,31,11,0.3548387096774194,1
818,79.42,0,18,0,0.0,0
897,63.76,0,23,2,0.08695652173913043,0
391,85.72,1,30,1,0.03333333333333333,0
818,66.88,0,30,2,0.06666666666666667,1
770,68.14,1,27,12,0.4444444444444444,0
391,76.7,1,26,0,0.0,0
897,54.75,0,23,16,0.6956521739130435,0
897,85.32,1,23,2,0.08695652173913043,0
818,50.7,1,21,7,0.3333333333333333,0
770,68.79,1,25,0,0.0,0
818,63.66,0,21,8,0.38095238095238093,0
406,75.33,0,30,2,0.06666666666666667,0
897,33.99,1,34,32,0.9411764705882353,1
406,72.75,0,21,17,0.8095238095238095,1
406,86.91,1,19,17,0.8947368421052632,1
406,70.77,0,24,20,0.8333333333333334,1
770,42.08,0,25,13,0.52,1
770,34.5,1,28,1,0.03571428571428571,0
770,55.87,1,28,1,0.03571428571428571,0
391,91.03,1,23,15,0.6521739130434783,1
391,53.64,0,22,7,0.3181818181818182,0
406,81.15,0,31,9,0.2903225806451613,0
818,73.96,0,21,8,0.38095238095238093,0
406,83.73,0,31,9,0.2903225806451613,1
818,83.65,1,20,20,1.0,1
818,24.19,1,35,22,0.6285714285714286,1
406,66.56,0,21,20,0.9523809523809523,1
897,21.58,0,31,23,0.7419354838709677,1
770,26.9,0,28,1,0.03571428571428571,0
391,63.73,0,26,0,0.0,0
406,82.8,0,28,23,0.8214285714285714,0
770,21.0,0,18,10,0.5555555555555556,0
770,33.25,0,26,14,0.5384615384615384,1
770,63.42,0,25,0,0.0,0
391,41.3,1,26,0,0.0,0
818,68.61,0,20,20,1.0,1
406,69.54,0,24,20,0.8333333333333334,1
406,58.06,0,17,15,0.8823529411764706,1
818,101.44,1,21,7,0.3333333333333333,0
770,43.79,1,28,7,0.25,0
770,36.86,0,28,5,0.17857142857142858,0
391,80.71,0,29,8,0.27586206896551724,0
406,72.22,0,24,20,0.8333333333333334,1
406,86.39,1,15,14,0.9333333333333333,1
406,86.87,1,33,2,0.06060606060606061,0
406,75.62,0,21,20,0.9523809523809523,1
770,53.29,1,22,17,0.7727272727272727,0
391,59.92,0,24,6,0.25,1
770,49.85,0,26,14,0.5384615384615384,1
897,15.0,0,20,0,0.0,0
391,64.19,1,30,25,0.8333333333333334,1
406,67.87,1,23,15,0.6521739130434783,0
897,25.72,0,19,2,0.10526315789473684,1
770,60.41,0,23,2,0.08695652173913043,0
391,77.35,0,24,0,0.0,0
897,47.39,1,34,0,0.0,0
406,65.56,1,21,3,0.14285714285714285,0
391,50.44,0,28,5,0.17857142857142858,1
770,62.31,0,21,1,0.047619047619047616,0
770,41.11,0,26,14,0.5384615384615384,0
897,37.25,0,25,1,0.04,0
770,54.3,1,23,2,0.08695652173913043,0
406,78.79,1,27,5,0.18518518518518517,0
770,65.2,1,23,2,0.08695652173913043,0
391,68.16,0,25,11,0.44,0
391,57.61,1,29,8,0.27586206896551724,0
770,40.83,1,27,12,0.4444444444444444,0
406,72.52,0,31,9,0.2903225806451613,0
897,43.97,1,24,5,0.20833333333333334,0
391,66.08,0,22,7,0.3181818181818182,0
897,51.55,1,34,0,0.0,0
770,52.92,1,28,7,0.25,0
770,69.51,0,23,2,0.08695652173913043,0
391,47.77,0,21,5,0.23809523809523808,1
391,75.78,1,30,1,0.03333333333333333,0
897,44.12,0,26,3,0.11538461538461539,0
770,59.66,1,27,12,0.4444444444444444,0
897,38.13,1,25,1,0.04,0
406,59.74,1,27,5,0.18518518518518517,0
406,64.33,0,21,20,0.9523809523809523,1
391,68.0,1,31,11,0.3548387096774194,0
391,79.59,0,30,25,0.8333333333333334,1
406,71.35,1,28,23,0.8214285714285714,1
897,11.44,0,31,23,0.7419354838709677,1
897,27.95,1,19,5,0.2631578947368421,0
406,69.8,0,30,2,0.06666666666666667,0
391,64.19,1,24,6,0.25,0
770,71.85,0,26,19,0.7307692307692307,1
391,70.45,1,24,0,0.0,0
897,61.46,0,23,2,0.08695652173913043,0
770,42.17,1,36,5,0.1388888888888889,0
818,78.67,0,23,19,0.8260869565217391,1
770,64.54,0,26,19,0.7307692307692307,1
818,73.69,0,19,13,0.6842105263157895,1
897,36.26,1,31,26,0.8387096774193549,1
770,40.22,0,26,14,0.5384615384615384,1
391,39.25,1,21,16,0.7619047619047619,1
391,61.29,1,25,11,0.44,0
897,84.6,1,31,26,0.8387096774193549,1
406,79.39,0,23,15,0.6521739130434783,1
391,49.37,0,24,14,0.5833333333333334,1
391,56.02,1,28,2,0.07142857142857142,0
406,67.8,0,30,2,0.06666666666666667,0
391,51.07,0,24,6,0.25,0
406,72.06,0,30,2,0.06666666666666667,0
818,74.01,0,19,13,0.6842105263157895,0
406,83.09,0,21,3,0.14285714285714285,0
818,10.47,0,35,22,0.6285714285714286,0
406,38.73,0,33,11,0.3333333333333333,1
406,61.07,1,22,0,0.0,0
770,46.22,0,24,23,0.9583333333333334,1
897,39.74,0,17,15,0.8823529411764706,1
406,87.13,0,19,17,0.8947368421052632,1
406,87.71,1,21,0,0.0,0
770,37.66,0,28,1,0.03571428571428571,0
391,38.41,0,25,11,0.44,1
897,57.8,0,34,0,0.0,0
818,48.45,0,27,26,0.9629629629629629,1
818,65.6,1,22,20,0.9090909090909091,0
818,38.86,1,30,6,0.2,1
897,63.96,0,19,5,0.2631578947368421,1
770,66.27,1,23,2,0.08695652173913043,0
770,67.79,1,22,17,0.7727272727272727,1
406,78.12,0,35,13,0.37142857142857144,1
818,59.08,0,23,19,0.8260869565217391,1
406,76.27,1,26,13,0.5,1
770,44.83,1,28,7,0.25,0
391,38.96,1,28,1,0.03571428571428571,0
770,55.8,1,24,23,0.9583333333333334,1
818,82.29,1,28,2,0.07142857142857142,0
770,65.59,1,23,20,0.8695652173913043,1
897,41.64,1,34,0,0.0,0
391,54.33,0,24,0,0.0,0
770,43.52,0,25,13,0.52,1
897,46.41,1,24,5,0.20833333333333334,0
770,34.49,1,24,23,0.9583333333333334,1
391,67.83,0,20,0,0.0,0
897,17.37,1,24,5,0.20833333333333334,0
770,72.95,0,36,5,0.1388888888888889,0
406,56.85,1,21,17,0.8095238095238095,1
391,99.22,1,30,25,0.8333333333333334,1
391,50.66,0,20,0,0.0,0
897,65.9,0,20,0,0.0,0
897,24.63,0,23,2,0.08695652173913043,0
818,30.8,0,35,22,0.6285714285714286,1
391,19.53,0,25,11,0.44,0
391,47.99,0,22,7,0.3181818181818182,1
818,44.51,0,30,2,0.06666666666666667,0
391,60.72,1,26,0,0.0,0
818,87.16,0,20,20,1.0,1
391,74.34,0,27,1,0.037037037037037035,0
391,48.27,0,21,5,0.23809523809523808,0
770,46.68,0,28,1,0.03571428571428571,0
391,71.6,1,29,8,0.27586206896551724,0
770,50.87,0,21,1,0.047619047619047616,0
770,83.12,0,21,1,0.047619047619047616,0
406,82.79,1,33,2,0.06060606060606061,0
406,69.65,1,21,4,0.19047619047619047,0
391,64.95,1,22,7,0.3181818181818182,0
897,41.71,0,34,0,0.0,0
818,69.59,1,27,9,0.3333333333333333,1
818,55.5,0,27,26,0.9629629629629629,1
391,78.05,0,24,0,0.0,0
406,68.84,1,21,3,0.14285714285714285,0
406,82.93,1,21,0,0.0,0
818,49.85,0,18,0,0.0,0
391,50.03,0,20,2,0.1,1
391,69.0,0,30,25,0.8333333333333334,1
406,52.71,0,17,15,0.8823529411764706,1
897,36.78,1,23,16,0.6956521739130435,1
770,17.44,0,26,14,0.5384615384615384,1
391,93.24,1,30,25,0.8333333333333334,1
897,47.32,1,34,0,0.0,0
818,67.3,0,27,9,0.3333333333333333,0
406,68.72,1,27,5,0.18518518518518517,0
406,60.95,0,23,9,0.391304347826087,1
406,37.39,0,21,4,0.19047619047619047,0
406,78.69,1,23,15,0.6521739130434783,1
897,24.9,0,17,15,0.8823529411764706,1
818,64.02,0,23,19,0.8260869565217391,0
897,36.2,1,24,5,0.20833333333333334,0
897,49.83,0,31,26,0.8387096774193549,1
770,8.22,0,25,13,0.52,0
897,20.65,0,23,2,0.08695652173913043,0
406,36.28,1,17,15,0.8823529411764706,1
770,88.33,1,21,5,0.23809523809523808,0
770,52.08,0,26,14,0.5384615384615384,0
818,56.21,1,28,2,0.07142857142857142,0
406,109.79,1,21,4,0.19047619047619047,1
818,27.41,1,27,9,0.3333333333333333,1
406,72.78,0,28,23,0.8214285714285714,1
897,52.8,0,31,26,0.8387096774193549,1
391,42.46,1,21,16,0.7619047619047619,1
406,81.13,0,21,4,0.19047619047619047,0
770,9.47,1,28,7,0.25,0
770,57.7,0,21,1,0.047619047619047616,0
391,85.82,0,31,18,0.5806451612903226,1
406,69.65,0,33,11,0.3333333333333333,1
770,60.66,1,28,1,0.03571428571428571,0
391,92.34,1,24,0,0.0,0
770,18.57,0,21,1,0.047619047619047616,0
897,84.22,0,23,2,0.08695652173913043,1
770,53.71,1,23,2,0.08695652173913043,0
818,46.1,0,18,0,0.0,0
391,67.07,0,22,7,0.3181818181818182,0
391,59.3,1,31,11,0.3548387096774194,0
770,47.35,0,28,1,0.03571428571428571,0
770,38.5,1,36,5,0.1388888888888889,0
391,108.68,1,24,0,0.0,0
818,61.39,0,27,26,0.9629629629629629,1
406,93.24,1,26,13,0.5,0
770,47.74,1,24,23,0.9583333333333334,1
897,41.79,0,19,2,0.10526315789473684,0
391,51.13,0,20,0,0.0,0
391,57.6,1,29,8,0.27586206896551724,0
391,53.19,1,28,1,0.03571428571428571,0
391,84.74,0,22,7,0.3181818181818182,1
391,102.67,1,24,0,0.0,0
391,90.42,0,24,14,0.5833333333333334,1
406,75.88,1,33,2,0.06060606060606061,0
406,40.23,0,23,9,0.391304347826087,0
770,83.36,1,26,14,0.5384615384615384,0
406,89.98,1,19,17,0.8947368421052632,1
391,74.98,0,21,5,0.23809523809523808,1
770,43.2,1,26,14,0.5384615384615384,0
406,45.49,0,31,9,0.2903225806451613,0
391,46.07,1,20,0,0.0,0
391,61.2,0,24,14,0.5833333333333334,0
770,61.43,1,25,0,0.0,0
770,60.58,1,24,23,0.9583333333333334,1
391,73.27,0,16,0,0.0,0
391,57.69,0,30,25,0.8333333333333334,1
406,65.16,1,33,11,0.3333333333333333,0
406,83.68,0,33,11,0.3333333333333333,1
897,36.83,0,26,3,0.11538461538461539,0
406,87.36,0,21,20,0.9523809523809523,1
391,79.25,0,27,1,0.037037037037037035,0
897,44.06,1,23,16,0.6956521739130435,0
897,53.67,0,26,3,0.11538461538461539,0
818,67.92,0,27,26,0.9629629629629629,1
391,74.53,1,24,0,0.0,0
406,70.91,0,24,20,0.8333333333333334,1
406,78.88,1,28,23,0.8214285714285714,0
406,88.31,0,21,17,0.8095238095238095,1
406,116.66,1,23,15,0.6521739130434783,1
897,43.29,0,19,5,0.2631578947368421,0
770,26.49,0,18,10,0.5555555555555556,1
406,86.6,0,23,19,0.8260869565217391,1
897,15.48,0,19,2,0.10526315789473684,0
406,87.27,1,23,15,0.6521739130434783,1
391,77.01,1,29,8,0.27586206896551724,0
391,40.55,0,28,2,0.07142857142857142,0
818,51.0,1,30,6,0.2,0
770,41.71,0,28,1,0.03571428571428571,0
818,64.59,0,27,26,0.9629629629629629,1
770,20.61,0,18,10,0.5555555555555556,0
818,50.21,1,30,6,0.2,0
406,47.24,1,17,15,0.8823529411764706,0
406,49.56,0,21,20,0.9523809523809523,1
406,40.13,0,35,13,0.37142857142857144,1
770,52.14,0,26,14,0.5384615384615384,1
818,52.4,0,30,2,0.06666666666666667,0
818,63.05,1,19,0,0.0,0
897,35.3,0,19,5,0.2631578947368421,0
406,86.76,0,31,9,0.2903225806451613,1
897,46.34,1,25,1,0.04,0
897,19.06,1,21,0,0.0,0
897,51.96,0,34,0,0.0,0
391,26.13,0,22,7,0.3181818181818182,1
406,54.37,1,30,2,0.06666666666666667,0
897,16.06,1,24,5,0.20833333333333334,0
406,75.21,0,21,0,0.0,0
770,43.62,0,26,14,0.5384615384615384,1
818,53.19,1,19,0,0.0,0
897,18.03,0,34,32,0.9411764705882353,1
406,73.6,1,33,11,0.3333333333333333,1
770,37.87,0,21,1,0.047619047619047616,0
770,30.14,0,28,1,0.03571428571428571,0
406,92.14,1,30,2,0.06666666666666667,0
406,70.99,1,27,5,0.18518518518518517,1
818,41.12,1,22,20,0.9090909090909091,1
770,67.97,0,28,1,0.03571428571428571,0
897,64.19,0,34,32,0.9411764705882353,1
770,51.6,0,28,25,0.8928571428571429,1
818,86.87,0,30,2,0.06666666666666667,0
770,51.42,1,36,5,0.1388888888888889,0
897,9.53,1,30,1,0.03333333333333333,0
770,56.55,0,27,12,0.4444444444444444,1
391,26.98,0,25,11,0.44,1
897,38.0,0,26,3,0.11538461538461539,0
391,27.42,1,30,25,0.8333333333333334,1
897,7.39,1,30,1,0.03333333333333333,0
897,44.25,0,34,0,0.0,0
897,25.93,0,17,15,0.8823529411764706,1
818,83.37,0,18,0,0.0,0
391,95.82,0,31,18,0.5806451612903226,0
406,53.81,0,30,2,0.06666666666666667,0
897,44.52,0,17,15,0.8823529411764706,1
897,22.45,1,25,1,0.04,0
897,52.82,0,25,1,0.04,0
818,55.38,1,30,6,0.2,0
897,21.42,1,19,0,0.0,0
391,47.02,0,20,0,0.0,0
770,37.22,1,25,13,0.52,0
391,35.15,1,28,1,0.03571428571428571,0
818,57.97,1,27,9,0.3333333333333333,0
897,14.8,1,19,0,0.0,0
406,76.19,0,17,15,0.8823529411764706,1
391,100.0,1,31,18,0.5806451612903226,0
897,64.18,1,31,26,0.8387096774193549,1
391,51.62,1,29,8,0.27586206896551724,0
391,84.5,0,22,2,0.09090909090909091,0
391,45.0,1,28,1,0.03571428571428571,0
406,74.06,0,15,14,0.9333333333333333,1
391,82.34,1,28,5,0.17857142857142858,0
406,100.32,0,21,3,0.14285714285714285,1
406,84.17,1,33,2,0.06060606060606061,0
818,80.49,0,27,9,0.3333333333333333,1
770,55.31,1,23,2,0.08695652173913043,0
818,64.59,1,22,20,0.9090909090909091,1
406,65.2,0,31,9,0.2903225806451613,0
818,38.12,0,19,0,0.0,0
391,77.44,0,30,1,0.03333333333333333,0
406,86.39,1,19,17,0.8947368421052632,1
406,65.77,0,17,15,0.8823529411764706,1
391,64.21,1,21,5,0.23809523809523808,0
897,27.5,0,25,1,0.04,0
391,92.19,0,30,25,0.8333333333333334,0
391,55.91,1,24,0,0.0,0
897,44.81,1,34,32,0.9411764705882353,1
770,62.84,0,26,14,0.5384615384615384,0
406,59.74,0,35,13,0.37142857142857144,0
818,87.95,0,20,20,1.0,1
818,60.71,1,28,2,0.07142857142857142,0
406,73.29,0,23,15,0.6521739130434783,1
770,84.91,1,25,0,0.0,0
391,82.91,1,30,1,0.03333333333333333,0
770,66.03,0,26,19,0.7307692307692307,1
770,29.62,0,18,10,0.5555555555555556,1
391,57.06,1,20,0,0.0,0
770,29.42,1,27,12,0.4444444444444444,0
770,19.7,1,23,2,0.08695652173913043,0
770,67.9,0,25,0,0.0,0
897,59.86,0,23,2,0.08695652173913043,0
406,88.89,0,17,0,0.0,0
406,54.69,1,33,2,0.06060606060606061,0
897,64.78,0,20,0,0.0,0
897,7.78,0,31,23,0.7419354838709677,0
391,83.49,0,24,0,0.0,0
897,45.24,0,31,23,0.7419354838709677,1
897,26.91,0,20,0,0.0,0
391,61.06,1,21,5,0.23809523809523808,0
406,96.51,1,28,23,0.8214285714285714,1
818,57.07,0,18,0,0.0,0
406,93.86,0,17,0,0.0,0
770,76.21,0,26,14,0.5384615384615384,1
897,58.53,0,26,3,0.11538461538461539,0
770,48.35,0,36,5,0.1388888888888889,0
391,68.49,1,27,1,0.037037037037037035,0
897,20.22,1,30,1,0.03333333333333333,0
770,84.15,1,28,7,0.25,0
770,44.99,1,23,2,0.08695652173913043,0
818,48.07,1,30,6,0.2,0
391,69.34,0,24,14,0.5833333333333334,1
406,92.17,1,15,14,0.9333333333333333,1
391,58.42,0,24,6,0.25,0
391,73.49,0,21,5,0.23809523809523808,0
770,64.48,0,26,14,0.5384615384615384,1
770,52.01,1,27,12,0.4444444444444444,1
770,66.6,1,23,2,0.08695652173913043,0
770,63.16,0,25,13,0.52,1
391,73.95,0,21,5,0.23809523809523808,0
391,64.33,0,22,7,0.3181818181818182,0
770,67.49,1,23,2,0.08695652173913043,0
897,31.81,0,19,5,0.2631578947368421,0
391,74.92,0,24,14,0.5833333333333334,0
406,77.52,1,26,13,0.5,0
406,61.6,0,23,15,0.6521739130434783,1
818,91.64,0,29,6,0.20689655172413793,0
391,53.08,0,29,8,0.27586206896551724,1
770,44.36,1,18,10,0.5555555555555556,0
770,46.17,0,28,1,0.03571428571428571,0
770,56.4,1,23,2,0.08695652173913043,0
770,61.32,1,27,12,0.4444444444444444,1
406,82.09,1,26,13,0.5,1
770,58.22,1,26,14,0.5384615384615384,0
391,49.25,0,28,1,0.03571428571428571,0
770,38.55,1,26,14,0.5384615384615384,0
391,33.42,1,21,16,0.7619047619047619,1
897,58.82,0,26,3,0.11538461538461539,0
391,41.92,1,23,15,0.6521739130434783,0
391,57.33,1,20,0,0.0,0
406,46.25,1,17,15,0.8823529411764706,1
406,68.15,1,30,2,0.06666666666666667,0
406,67.66,0,31,9,0.2903225806451613,0
391,66.82,1,24,0,0.0,0
818,31.84,1,35,22,0.6285714285714286,0
391,27.18,0,20,2,0.1,0
406,75.59,1,30,2,0.06666666666666667,0
391,84.31,0,23,15,0.6521739130434783,1
391,98.61,0,20,0,0.0,0
770,61.49,0,23,2,0.08695652173913043,0
391,80.93,1,31,11,0.3548387096774194,0
770,67.86,0,28,5,0.17857142857142858,0
897,54.94,0,23,16,0.6956521739130435,0
897,69.55,1,24,5,0.20833333333333334,0
406,102.01,1,21,3,0.14285714285714285,1
391,92.97,1,20,0,0.0,0
770,30.23,0,28,1,0.03571428571428571,0
897,45.97,0,17,15,0.8823529411764706,1
897,65.01,1,21,0,0.0,0
406,56.38,1,33,2,0.06060606060606061,0
406,60.11,0,23,19,0.8260869565217391,1
391,91.72,1,21,5,0.23809523809523808,0
391,52.47,0,27,1,0.037037037037037035,0
897,18.77,0,31,23,0.7419354838709677,1
391,73.6,0,30,25,0.8333333333333334,1
406,93.56,1,27,5,0.18518518518518517,0
391,44.64,1,30,1,0.03333333333333333,0
770,24.32,0,36,5,0.1388888888888889,0
391,73.3,0,22,2,0.09090909090909091,0
770,44.24,1,28,7,0.25,0
406,94.51,1,26,13,0.5,1
391,76.25,1,31,11,0.3548387096774194,0
818,66.51,1,27,9,0.3333333333333333,0
391,38.84,0,20,2,0.1,0
406,78.08,1,15,14,0.9333333333333333,1
406,43.75,0,35,13,0.37142857142857144,0
391,69.73,1,21,16,0.7619047619047619,1
770,52.29,0,28,1,0.03571428571428571,0
391,87.99,1,30,25,0.8333333333333334,1
770,77.86,1,21,5,0.23809523809523808,0
897,68.28,0,23,16,0.6956521739130435,1
391,81.85,0,20,0,0.0,0
406,68.25,1,23,19,0.8260869565217391,1
897,26.37,0,31,23,0.7419354838709677,1
818,67.57,1,21,8,0.38095238095238093,0
897,57.16,1,31,26,0.8387096774193549,1
391,65.37,1,28,2,0.07142857142857142,0
406,58.59,0,35,13,0.37142857142857144,0
897,13.09,1,23,16,0.6956521739130435,0
818,58.85,1,30,6,0.2,0
406,42.62,0,23,19,0.8260869565217391,1
818,54.92,0,21,7,0.3333333333333333,1
818,26.25,1,35,22,0.6285714285714286,1
770,52.06,0,28,1,0.03571428571428571,0
770,81.06,1,25,0,0.0,0
897,35.1,1,19,0,0.0,0
897,54.3,1,21,0,0.0,0
406,60.3,1,30,2,0.06666666666666667,0
818,89.27,0,21,8,0.38095238095238093,0
818,58.56,0,18,0,0.0,0
391,67.15,0,31,11,0.3548387096774194,1
391,28.09,0,23,15,0.6521739130434783,1
406,104.58,1,24,20,0.8333333333333334,0
770,43.41,1,28,7,0.25,1
818,105.85,0,21,7,0.3333333333333333,0
406,95.29,1,30,2,0.06666666666666667,0
406,98.51,0,24,20,0.8333333333333334,1
818,74.9,0,18,0,0.0,0
406,75.37,0,31,9,0.2903225806451613,0
897,29.39,0,20,0,0.0,0
770,62.06,1,28,1,0.03571428571428571,0
391,44.71,1,25,11,0.44,0
406,66.68,1,33,2,0.06060606060606061,0
770,48.18,1,28,1,0.03571428571428571,0
406,74.36,1,17,0,0.0,0
818,47.52,0,19,0,0.0,0
406,69.95,0,23,19,0.8260869565217391,1
391,77.47,0,31,18,0.5806451612903226,1
406,49.72,1,17,0,0.0,0
391,68.69,1,26,0,0.0,0
391,59.56,0,22,7,0.3181818181818182,0
818,48.11,0,30,2,0.06666666666666667,0
818,67.58,1,28,2,0.07142857142857142,0
897,37.13,1,30,1,0.03333333333333333,1
897,29.77,0,19,0,0.0,0
897,47.41,0,26,3,0.11538461538461539,1
391,90.61,1,22,7,0.3181818181818182,0
818,44.99,0,30,2,0.06666666666666667,0
818,45.76,0,19,0,0.0,0
770,69.9,1,24,23,0.9583333333333334,1
818,58.14,0,30,2,0.06666666666666667,0
897,50.33,0,17,15,0.8823529411764706,1
391,68.39,1,28,2,0.07142857142857142,0
391,55.09,0,24,6,0.25,0
897,25.07,1,34,32,0.9411764705882353,0
897,18.05,1,19,2,0.10526315789473684,0
391,43.95,1,30,1,0.03333333333333333,0
770,45.17,1,21,1,0.047619047619047616,0
818,60.57,1,30,6,0.2,0
897,50.27,0,31,26,0.8387096774193549,1
897,8.61,0,19,2,0.10526315789473684,0
818,54.41,0,20,20,1.0,1
391,74.62,1,31,18,0.5806451612903226,1
391,73.86,1,26,0,0.0,0
391,72.62,0,24,14,0.5833333333333334,1
406,59.31,1,28,23,0.8214285714285714,1
406,43.62,0,21,0,0.0,0
818,84.79,1,28,2,0.07142857142857142,0
391,60.65,1,29,8,0.27586206896551724,0
818,82.93,1,27,9,0.3333333333333333,0
406,60.77,0,31,9,0.2903225806451613,0
406,37.49,1,15,14,0.9333333333333333,0
406,62.62,0,31,9,0.2903225806451613,0
406,59.21,1,33,11,0.3333333333333333,0
391,77.19,0,16,0,0.0,0
406,96.02,0,19,17,0.8947368421052632,1
770,40.18,1,26,14,0.5384615384615384,1
818,83.68,1,28,2,0.07142857142857142,0
770,33.37,1,28,1,0.03571428571428571,0
406,76.26,1,33,11,0.3333333333333333,0
406,65.29,1,33,2,0.06060606060606061,0
818,52.48,0,23,19,0.8260869565217391,1
770,40.16,0,28,7,0.25,0
406,55.47,1,22,0,0.0,0
391,55.85,0,24,14,0.5833333333333334,1
391,85.49,1,31,11,0.3548387096774194,0
406,33.9,1,17,15,0.8823529411764706,1
818,85.76,0,20,20,1.0,1
818,57.87,0,21,8,0.38095238095238093,0
406,86.38,1,28,23,0.8214285714285714,1
770,59.83,1,21,5,0.23809523809523808,0
770,10.03,1,18,10,0.5555555555555556,0
770,74.28,0,28,25,0.8928571428571429,1
897,35.8,0,20,0,0.0,0
770,81.1,1,23,2,0.08695652173913043,0
818,36.09,0,18,0,0.0,0
897,44.54,1,25,1,0.04,0
897,51.21,1,26,3,0.11538461538461539,0
406,93.51,0,35,13,0.37142857142857144,0
406,33.11,0,21,20,0.9523809523809523,1
406,67.59,0,30,2,0.06666666666666667,0
897,40.13,0,21,0,0.0,0
818,69.86,1,18,0,0.0,0
391,78.8,1,24,0,0.0,0
818,41.83,1,30,6,0.2,0
818,70.34,0,21,7,0.3333333333333333,1
818,60.73,0,27,26,0.9629629629629629,1
391,54.25,1,28,5,0.17857142857142858,0
391,128.28,0,31,18,0.5806451612903226,1
406,78.81,1,33,2,0.06060606060606061,0
391,91.98,0,20,0,0.0,0
897,71.04,0,31,26,0.8387096774193549,1
406,105.9,1,23,15,0.6521739130434783,0
818,54.93,0,22,20,0.9090909090909091,1
391,55.58,0,21,5,0.23809523809523808,0
818,44.09,1,35,22,0.6285714285714286,1
818,72.45,1,27,9,0.3333333333333333,0
391,64.64,1,30,25,0.8333333333333334,1
406,78.33,0,33,2,0.06060606060606061,1
818,44.96,0,18,0,0.0,0
391,66.55,1,25,11,0.44,1
897,52.51,1,19,5,0.2631578947368421,0
391,52.04,0,29,8,0.27586206896551724,0
818,71.08,0,29,6,0.20689655172413793,0
406,72.34,1,26,13,0.5,1
818,42.62,0,20,20,1.0,1
897,22.26,1,21,0,0.0,0
770,60.96,1,28,1,0.03571428571428571,0
406,61.31,0,23,19,0.8260869565217391,1
818,58.73,0,30,2,0.06666666666666667,0
391,51.65,0,16,0,0.0,0
391,64.09,1,31,18,0.5806451612903226,0
770,53.87,0,28,5,0.17857142857142858,0
770,40.71,1,27,12,0.4444444444444444,0
391,68.67,1,26,0,0.0,0
897,20.47,0,24,5,0.20833333333333334,1
818,79.49,0,19,13,0.6842105263157895,1
391,58.2,0,22,7,0.3181818181818182,0
770,78.49,0,27,12,0.4444444444444444,1
406,87.79,1,27,5,0.18518518518518517,1
770,16.62,0,18,10,0.5555555555555556,1
406,47.67,1,30,2,0.06666666666666667,0
406,74.07,0,31,9,0.2903225806451613,0
391,30.89,0,25,11,0.44,1
391,62.1,0,20,2,0.1,0
391,41.08,1,21,16,0.7619047619047619,1
406,59.5,0,31,9,0.2903225806451613,1
391,103.64,0,27,1,0.037037037037037035,0
770,11.79,0,26,14,0.5384615384615384,0
818,59.51,1,22,20,0.9090909090909091,1
391,63.91,0,25,11,0.44,1
391,33.23,0,27,1,0.037037037037037035,0
897,66.54,0,34,0,0.0,0
897,38.72,0,17,15,0.8823529411764706,1
897,8.38,1,19,2,0.10526315789473684,0
897,35.2,1,23,16,0.6956521739130435,1
406,44.13,1,21,4,0.19047619047619047,0
818,86.69,1,21,7,0.3333333333333333,0
897,42.86,1,21,0,0.0,0
818,90.41,0,30,2,0.06666666666666667,0
897,59.44,1,23,16,0.6956521739130435,1
406,126.31,0,31,9,0.2903225806451613,1
406,62.58,0,31,9,0.2903225806451613,1
770,58.9,0,28,25,0.8928571428571429,1
406,50.83,1,22,0,0.0,0
391,48.2,1,31,11,0.3548387096774194,1
818,84.68,0,23,19,0.8260869565217391,1
391,57.41,0,24,14,0.5833333333333334,1
406,85.99,1,33,11,0.3333333333333333,0
406,55.65,1,21,4,0.19047619047619047,0
818,50.1,1,30,6,0.2,0
391,54.82,0,24,14,0.5833333333333334,0
770,49.54,1,25,13,0.52,0
897,53.67,0,19,5,0.2631578947368421,0
391,73.22,0,20,0,0.0,0
770,21.73,1,28,7,0.25,0
770,86.29,1,26,19,0.7307692307692307,1
391,42.67,0,25,11,0.44,1
406,71.12,1,26,13,0.5,1
818,76.18,1,19,13,0.6842105263157895,0
391,68.4,0,23,15,0.6521739130434783,1
406,74.19,0,35,13,0.37142857142857144,0
391,68.07,1,28,1,0.03571428571428571,0
391,65.19,0,22,7,0.3181818181818182,0
897,48.06,0,17,15,0.8823529411764706,1
818,74.16,0,27,26,0.9629629629629629,1
818,93.09,0,29,6,0.20689655172413793,1
391,38.95,0,23,15,0.6521739130434783,0
770,28.3,0,27,12,0.4444444444444444,0
818,59.0,0,19,13,0.6842105263157895,1
391,79.61,1,30,25,0.8333333333333334,1
391,38.25,0,20,2,0.1,0
770,67.59,0,28,7,0.25,0
770,53.16,0,21,5,0.23809523809523808,0
406,68.66,1,21,4,0.19047619047619047,0
